,0,0,0,0,0,0,0,0,0,0,0,0,0,0,0,0
1955-01-01,,,,3576047470640.4,3577230088720.4,,,,,,,,,,,
1955-04-01,,,,3683124496099.3,3684342525125.97,,,,,,,,,,,
1955-07-01,,,,3806659595505.4,3807918478252.07,,,,,,,,,,,
1955-10-01,,,,4054725242338.6,4056066161725.27,,,,,,,,,,,
1956-01-01,,,,4192860246052.7,4194246847426.03,,,,,,,,,,,
1956-04-01,,,,4390523041422.6,4391975010942.6,,,,,,,,,,,
1956-07-01,,,297644444333.333,4601193024266.9,4602714663480.23,,,,,,,,,,,
1956-10-01,,,305944444333.333,4935431288118.0,4937063461718.0,,,,,,,,,,,
1957-01-01,,,321522222333.333,5154993939949.9,5156698724096.57,,,,,,,,,,,
1957-04-01,,,340700000000.0,5355875350587.7,5357646567294.37,,,,,,,,,,,
1957-07-01,,,360622222333.333,5433420751423.6,5435217612810.27,,,,,,,,,,,
1957-10-01,,,383111111000.0,5731159254504.7,5733054579611.37,,,,,,,,,,,
1958-01-01,,,404588889000.0,5869924708632.1,5871865924218.77,,,,,,,,,,,
1958-04-01,,,430444444333.333,6099375477472.6,6101392573659.27,,,,,,,,,,,
1958-07-01,,,455988889000.0,6353845173240.9,6355946423920.9,,,,,,,,,,,
1958-10-01,,,473300000000.0,6813144890130.3,6815398033690.3,,,,,,,,,,,
1959-01-01,1.773,287833333333.333,288466666666.667,7017045826431.8,7019366401125.13,,,,,,,,,3.663,1.848,
1959-04-01,1.789,292133333333.333,290966666666.667,7378824818863.9,7381265035810.57,,,,,,,,,3.719,1.866,
1959-07-01,1.773,296100000000.0,295100000000.0,7586740728850.1,7589249704703.43,,,,,,,,,3.71,1.85,
1959-10-01,1.779,297133333333.333,298433333333.333,8154677006431.3,8157373801857.97,,,,,,,,,3.769,1.853,
1960-01-01,1.817,298700000000.0,299400000000.0,8478828063669.6,8481632057589.6,24496711983.6873,23600000000.0,,,17074860000.0,,,,3.879,1.89,
1960-04-01,1.797,301100000000.0,300033333333.333,8829756672672.8,8832676720566.13,23766418401.6784,23300000000.0,,,17511580000.0,,,,3.876,1.871,
1960-07-01,1.78,306466666666.667,305500000000.0,9198901980460.3,9201944106686.97,21085726865.7164,22000000000.0,,,17564760000.0,,,,3.872,1.857,
1960-10-01,1.737,310933333333.333,312300000000.0,9857722662358.8,9860982664118.8,25078265924.2481,24900000000.0,,,18444030000.0,,,,3.836,1.812,
1961-01-01,1.723,316300000000.0,317100000000.0,10329598205913.5,10333014259446.8,24876757278.4937,24000000000.0,,,18243600000.0,15561.8486694413,,,3.851,1.797,
1961-04-01,1.725,322133333333.333,320966666666.667,10923648403245.6,10927260912365.6,27583911708.8967,27100000000.0,,,18625880000.0,15717.4671561357,,,3.897,1.803,
1961-07-01,1.733,327566666666.667,326500000000.0,11239835876315.9,11243552950329.2,33887309284.7989,35300000000.0,,,18536200000.0,16184.3226162189,,,3.959,1.816,
1961-10-01,1.742,333333333333.333,334700000000.0,11879178958603.5,11883107466803.5,40066450589.9245,39700000000.0,,,19470870000.0,17118.0335363854,,,4.013,1.824,
1962-01-01,1.746,340233333333.333,341166666666.667,12210928602402.1,12214966821988.8,43458887700.9215,42000000000.0,,,19233730000.0,17584.8889964686,,,4.079,1.835,
1962-04-01,1.728,347433333333.333,346233333333.333,12748437352141.4,12752653328754.7,48225617769.7847,47500000000.0,,,19845820000.0,17429.2705097742,,,4.095,1.824,
1962-07-01,1.726,352833333333.333,351633333333.333,13267364405488.7,13271751994062.0,51532059852.8438,53500000000.0,,,19965500000.0,18362.9814299407,,,4.158,1.826,
1962-10-01,1.701,359900000000.0,361266666666.667,14231356269025.1,14236062654878.4,50307512082.1672,49700000000.0,,,20925810000.0,18674.2184033295,,,4.158,1.802,
1963-01-01,1.69,367933333333.333,368966666666.667,14969646884600.1,14974597427120.1,51569506690.1631,50000000000.0,,,20529170000.0,19452.3108368016,,,4.178,1.792,
1963-04-01,1.675,375933333333.333,374633333333.333,15823044473003.4,15828277238683.4,52610639038.5172,52000000000.0,,,21033550000.0,18985.4553767184,,,4.194,1.781,
1963-07-01,1.68,383566666666.667,382200000000.0,16561169180574.9,16566646048054.9,55611582649.1391,57400000000.0,,,21162600000.0,19296.6923501072,,,4.248,1.792,
1963-10-01,1.672,391000000000.0,392500000000.0,17697639004549.9,17703491708696.6,54296003538.9075,53500000000.0,,,22260080000.0,21008.4957037457,,,4.269,1.789,
1964-01-01,1.685,397533333333.333,398666666666.667,18269225258208.1,18275266988994.8,56825284227.4493,55300000000.0,,,22185530000.0,21008.4957037457,,,4.345,1.804,
1964-04-01,1.679,404333333333.333,403000000000.0,18970418844200.5,18976692463467.2,58158587678.8168,57700000000.0,,,22663010000.0,21008.4957037457,,,4.372,1.798,
1964-07-01,1.674,413466666666.667,412033333333.333,19490440890370.9,19496886483717.6,60491051715.2675,62000000000.0,,,23020250000.0,22409.0620839954,,,4.386,1.796,
1964-10-01,1.653,421933333333.333,423700000000.0,20514060090365.2,20520844200071.9,62588646702.0816,61700000000.0,,,23975470000.0,24276.4839243284,,,4.363,1.775,
1965-01-01,1.668,430366666666.667,431533333333.333,21251653892325.5,21258681928258.8,66152434044.5161,64700000000.0,,,24054800000.0,24587.7208977172,2926221720.28975,2887000000.0,4.457,1.795,
1965-04-01,1.669,437533333333.333,436100000000.0,21952117483102.5,21959377166102.5,72457958864.3921,72100000000.0,,,24845620000.0,25521.4318178837,2973866363.27822,2975000000.0,4.508,1.8,
1965-07-01,1.68,446066666666.667,444600000000.0,22741142766147.8,22748663384041.1,78362792382.8889,79800000000.0,,,25126760000.0,26921.9981981334,3073069781.68517,3082000000.0,4.574,1.815,
1965-10-01,1.693,455833333333.333,457800000000.0,24179664701294.9,24187661046108.2,94693323116.2392,93700000000.0,,,26444750000.0,29100.6570118552,3186161639.54785,3267000000.0,4.627,1.831,
1966-01-01,1.713,464600000000.0,465566666666.667,24928009341882.0,24936253168282.0,104613460404.223,102700000000.0,,,26099690000.0,30189.9864187161,3184003893.35794,3167000000.0,4.688,1.86,
1966-04-01,1.712,470200000000.0,468633333333.333,25855136447040.7,25863686879347.4,114433061736.791,113900000000.0,,,26881380000.0,30034.3679320217,3316487747.12496,3322000000.0,4.692,1.886,
1966-07-01,1.733,472966666666.667,471666666666.667,26860373040247.2,26869255909687.2,126527406652.532,128400000000.0,,,27387330000.0,32213.0267457434,3381332838.24222,3397000000.0,4.792,1.931,
1966-10-01,1.744,477733333333.333,479566666666.667,28153891380335.3,28163202023228.6,142499088211.189,142000000000.0,,,28632310000.0,35792.2519397149,3387224913.72414,3470000000.0,4.858,1.965,
1967-01-01,1.739,485466666666.667,486033333333.333,28147122333792.5,28156430738125.8,161370719141.025,158800000000.0,,,28473930000.0,35481.0149663261,3440456505.43162,3423000000.0,4.873,1.98,
1967-04-01,1.708,497100000000.0,495700000000.0,28934820352809.8,28944389253103.1,182170924700.602,181000000000.0,,,29476620000.0,35481.0149663261,3516560921.18282,3524000000.0,4.834,1.964,
1967-07-01,1.695,510600000000.0,509666666666.667,30037644033675.0,30047577643675.0,201386366313.631,204200000000.0,,,29943270000.0,37192.8183199646,3514416358.98982,3533000000.0,4.82,1.965,
1967-10-01,1.691,521400000000.0,522966666666.667,31525938369872.1,31536364166792.1,228325392242.718,229100000000.0,,,31170760000.0,41394.5174607138,3612658722.53534,3700000000.0,4.832,1.978,
1968-01-01,1.715,530333333333.333,530533333333.333,32537711738416.5,32548472134216.5,264485840433.706,260500000000.0,30696000000.0,30356333333.3333,30840230000.0,40616.4250272417,3707540243.33939,3690000000.0,4.92,2.027,
1968-04-01,1.733,539066666666.667,538166666666.667,33599887958424.2,33610999621597.5,307914023571.377,305200000000.0,31572000000.0,31551666666.6667,31982530000.0,41861.372920797,3803471244.99927,3816000000.0,4.97,2.065,
1968-07-01,1.73,549533333333.333,548966666666.667,34695710321541.7,34707184379048.4,350060605165.475,355200000000.0,32706666666.6667,32942333333.3333,32734440000.0,43261.9393010467,3987037256.53495,4011000000.0,4.961,2.08,
1968-10-01,1.722,562266666666.667,563566666666.667,36321841027046.6,36333852854699.9,390475519908.946,394000000000.0,33681333333.3333,33819666666.6667,34651340000.0,48086.1123885735,4212787639.98503,4311000000.0,4.944,2.089,
1969-01-01,1.737,571866666666.667,571800000000.0,37664866315379.1,37677322288699.1,439286565551.163,433300000000.0,34488333333.3333,34121000000.0,34651470000.0,47463.6384417959,4287641084.73119,4267000000.0,4.983,2.123,
1969-04-01,1.749,576900000000.0,576533333333.333,39188864053929.4,39201824021476.1,491184150806.443,485900000000.0,35316000000.0,35291000000.0,35943140000.0,48397.3493619623,4315486032.84688,4337000000.0,5.022,2.153,
1969-07-01,1.774,580566666666.667,580100000000.0,40893170610683.5,40906694201550.2,560894296912.643,569600000000.0,35953333333.3333,36219000000.0,36780290000.0,50420.3896889897,4494182250.1332,4525000000.0,5.103,2.206,
1969-10-01,1.773,585566666666.667,586200000000.0,43070945427825.9,43085189220505.9,601766381950.809,609600000000.0,36803000000.0,36965666666.6667,37771580000.0,56022.6552099886,4586048640.74492,4688000000.0,5.102,2.223,
1970-01-01,1.789,587733333333.333,587566666666.667,44772531093322.6,44787337609509.3,612900000000.0,605200000000.0,37529666666.6667,37098000000.0,38209660000.0,53688.3779095724,4839292706.62759,4814000000.0,5.112,2.266,321878000000.0
1970-04-01,1.804,591700000000.0,593733333333.333,46541541771441.7,46556933308948.4,657600000000.0,643400000000.0,38359666666.6667,38317666666.6667,40224580000.0,53221.5224494891,5031899814.57115,5065000000.0,5.152,2.332,334439000000.0
1970-07-01,1.795,605066666666.667,604300000000.0,48334642291669.0,48350626817135.7,696400000000.0,698800000000.0,39208333333.3333,39538000000.0,41028970000.0,57578.8400769327,5048334330.59612,5089000000.0,5.174,2.345,338539000000.0
1970-10-01,1.752,621333333333.333,620000000000.0,50568759466800.0,50585482826800.0,745400000000.0,761500000000.0,40349666666.6667,40490666666.6667,43193490000.0,67694.0417120695,5100880828.28993,5206000000.0,5.095,2.304,353256000000.0
1971-01-01,1.77,641266666666.667,641166666666.667,52561613223241.3,52578995630668.0,808900000000.0,799100000000.0,41705333333.3333,41257666666.6667,43841570000.0,66449.0938185142,5146676547.91701,5120000000.0,5.226,2.347,359696000000.0
1971-04-01,1.736,666033333333.333,668500000000.0,55310343843628.6,55328635271015.3,868500000000.0,850200000000.0,43143666666.6667,43117666666.6667,45785920000.0,70028.3190124857,5238997913.11745,5283000000.0,5.212,2.325,376492000000.0
1971-07-01,1.717,685866666666.667,685233333333.333,58809874543054.8,58829323284014.8,913200000000.0,929900000000.0,44688666666.6667,45048333333.3333,45710850000.0,77653.6248605119,5322114491.03693,5367000000.0,5.219,2.314,383115000000.0
1971-10-01,1.69,704433333333.333,702666666666.667,62445383442149.6,62466034465402.9,964300000000.0,985000000000.0,45765666666.6667,45885333333.3333,48208710000.0,86990.7340621767,5425534144.2208,5528000000.0,5.226,2.298,405830000000.0
1972-01-01,1.696,725633333333.333,725300000000.0,65953309086552.9,65975120199632.9,1038900000000.0,1029500000000.0,47231666666.6667,46786333333.3333,49090750000.0,88391.3004424264,5483743826.97103,5459000000.0,5.299,2.325,411843000000.0
1972-04-01,1.703,743800000000.0,746533333333.333,69752735093105.7,69775802696745.7,1115800000000.0,1096100000000.0,48713666666.6667,48668000000.0,50770770000.0,92126.1441230923,5651731630.7048,5705000000.0,5.365,2.35,434137000000.0
1972-07-01,1.679,768833333333.333,768400000000.0,74561910390560.2,74586568414266.9,1213800000000.0,1227800000000.0,50587333333.3333,51033000000.0,51140990000.0,99128.9760243409,5909038401.60208,5957000000.0,5.356,2.338,444826000000.0
1972-10-01,1.673,794366666666.667,792300000000.0,79656480635635.4,79682823461048.7,1283700000000.0,1315800000000.0,52676000000.0,52772666666.6667,53884820000.0,109555.414632867,6171461749.69535,6276000000.0,5.383,2.348,472270000000.0
1973-01-01,1.694,813233333333.333,812666666666.667,83487993250065.1,83515603177251.8,1437800000000.0,1431000000000.0,54478000000.0,53988666666.6667,54362680000.0,112979.021340144,6472059397.21353,6449000000.0,5.471,2.396,477637000000.0
1973-04-01,1.71,826600000000.0,829466666666.667,88118319719746.6,88147460920733.3,1531700000000.0,1507900000000.0,56513333333.3333,56445000000.0,57355510000.0,114535.206207088,6854145845.16331,6922000000.0,5.55,2.438,496983000000.0
1973-07-01,1.711,838200000000.0,838033333333.333,90762229663522.6,90792245219709.3,1637400000000.0,1650100000000.0,58917000000.0,59421666666.6667,57366110000.0,126362.211195863,7230788766.99454,7281000000.0,5.564,2.456,504216000000.0
1973-10-01,1.739,849000000000.0,847033333333.333,93352750411772.3,93383622667065.6,1748600000000.0,1790600000000.0,62188333333.3333,62281666666.6667,60344720000.0,141924.059865304,7435498413.38699,7551000000.0,5.657,2.515,536233000000.0
1974-01-01,1.725,864666666666.667,863733333333.333,95401382438990.3,95432932187883.6,1821900000000.0,1820600000000.0,65737666666.6667,65173333333.3333,60538940000.0,145503.285059276,7882650863.73637,7858000000.0,5.622,2.513,542042000000.0
1974-04-01,1.748,875100000000.0,877966666666.667,98174302446287.9,98206769214701.3,1882200000000.0,1859800000000.0,69007333333.3333,68943000000.0,62917250000.0,148460.03630647,8180570138.8621,8253000000.0,5.714,2.559,559788000000.0
1974-07-01,1.764,884466666666.667,884533333333.333,100713823074262.0,100747129675768.0,2001400000000.0,2070700000000.0,71713000000.0,72307000000.0,63713800000.0,157641.52702144,8379281818.0429,8434000000.0,5.775,2.587,566526000000.0
1974-10-01,1.781,898000000000.0,896433333333.333,103817729548542.0,103852062628568.0,2114500000000.0,2175400000000.0,73670666666.6667,73727666666.6667,66993790000.0,178650.022725186,9004817945.0575,9131000000.0,5.851,2.617,602142000000.0
1975-01-01,1.766,915133333333.333,913700000000.0,106873124522599.0,106908468038132.0,2267200000000.0,2264400000000.0,76750333333.3333,76125000000.0,67944000000.0,177871.930291714,9480992000.88458,9451000000.0,5.875,2.599,607201000000.0
1975-04-01,1.741,948666666666.667,951400000000.0,110542213201602.0,110578770104442.0,2456000000000.0,2423100000000.0,79947666666.6667,79905666666.6667,71646000000.0,183474.195812713,9691440874.14193,9765000000.0,5.915,2.575,627020000000.0
1975-07-01,1.739,983233333333.333,983500000000.0,114285761392576.0,114323556306882.0,2625500000000.0,2643000000000.0,82990666666.6667,83650666666.6667,73378000000.0,208840.009143902,10218937713.5275,10276000000.0,6.01,2.585,643630000000.0
1975-10-01,1.75,1006966666666.67,1006066666666.67,118572757839814.0,118611970486841.0,2643300000000.0,2723300000000.0,86356666666.6667,86442000000.0,76748000000.0,231249.071227897,10660184076.6415,10800000000.0,6.151,2.614,689546000000.0
1976-01-01,1.752,1038966666666.67,1036733333333.33,123236431818199.0,123277186767226.0,2840400000000.0,2840600000000.0,88891000000.0,88157333333.3333,78747000000.0,229692.886360953,11039508712.9406,10998000000.0,6.264,2.619,698840000000.0
1976-04-01,1.731,1070166666666.67,1072666666666.67,127829561713496.0,127871835635216.0,2958800000000.0,2921600000000.0,92534333333.3333,92539333333.3333,83439000000.0,231560.308201286,11553355668.7793,11606000000.0,6.266,2.589,726792000000.0
1976-07-01,1.717,1098600000000.0,1099100000000.0,131710083552160.0,131753640783266.0,3239200000000.0,3258600000000.0,96273000000.0,97000666666.6667,84018000000.0,263150.861000252,11700578243.6335,11756000000.0,6.318,2.586,739608000000.0
1976-10-01,1.699,1138400000000.0,1137866666666.67,135549227934750.0,135594054791497.0,3558000000000.0,3679800000000.0,100427000000.0,100434666666.667,90209000000.0,288361.055844747,11849956069.2663,12006000000.0,6.364,2.569,782521000000.0
1977-01-01,1.689,1177100000000.0,1174233333333.33,138720990782462.0,138766866558195.0,3821800000000.0,3830400000000.0,104864000000.0,103972000000.0,94390000000.0,292251.518012107,11946268734.1487,11895000000.0,6.39,2.561,791887000000.0
1977-04-01,1.701,1208800000000.0,1210633333333.33,142159135520593.0,142206148309233.0,4193500000000.0,4148400000000.0,109005666666.667,109006333333.333,97888000000.0,321196.556537268,12635575736.4542,12651000000.0,6.479,2.596,817146000000.0
1977-07-01,1.713,1236633333333.33,1237633333333.33,146380598306449.0,146429007155476.0,4570900000000.0,4696900000000.0,112588333333.333,113398666666.667,99924000000.0,349519.121115651,12691950027.3048,12743000000.0,6.572,2.628,836225000000.0
1977-10-01,1.715,1262233333333.33,1263033333333.33,150048459266227.0,150098081096547.0,4955900000000.0,5155700000000.0,116312333333.333,116448000000.0,105782000000.0,389046.216736032,12833771569.9287,13009000000.0,6.586,2.635,889200000000.0
1978-01-01,1.713,1285800000000.0,1282433333333.33,153671392338656.0,153722212292376.0,5405200000000.0,5424700000000.0,120416666666.667,119437333333.333,107098000000.0,396204.667123975,13426154721.876,13368000000.0,6.564,2.638,896546000000.0
1978-04-01,1.78,1309800000000.0,1310400000000.0,158958449049392.0,159011017461125.0,5673600000000.0,5609800000000.0,124490666666.667,124460000000.0,109625000000.0,402896.262051834,14104769755.4367,14060000000.0,6.78,2.751,928380000000.0
1978-07-01,1.795,1334200000000.0,1335400000000.0,164146956406049.0,164201240684996.0,6274100000000.0,6328800000000.0,129222333333.333,130148333333.333,111000000000.0,465454.893702988,14046267566.6427,14094000000.0,6.847,2.816,953598000000.0
1978-10-01,1.822,1359133333333.33,1361400000000.0,168351297485944.0,168406972163037.0,6709200000000.0,6981800000000.0,134936000000.0,135074000000.0,117791000000.0,536416.923635641,14977947625.968,15192000000.0,6.971,2.908,1014229000000.0
1979-01-01,1.832,1379066666666.67,1376166666666.67,172531216907724.0,172588273906590.0,6965200000000.0,6995400000000.0,139939333333.333,138775000000.0,119578000000.0,546532.125270777,15163510974.336,15118000000.0,7.012,3.006,1019567000000.0
1979-04-01,1.835,1411766666666.67,1411200000000.0,178500487328851.0,178559518397465.0,7430300000000.0,7349100000000.0,145287333333.333,145307333333.333,123918000000.0,642081.876101147,15354647981.5058,15257000000.0,6.997,3.059,1050624000000.0
1979-07-01,1.846,1445166666666.67,1446033333333.33,183370484500389.0,183431126103189.0,7781400000000.0,7940700000000.0,151813333333.333,152896333333.333,127073000000.0,698104.531311135,16031745519.6985,16068000000.0,7.049,3.093,1064895000000.0
1979-10-01,1.857,1466666666666.67,1469666666666.67,187191014004987.0,187252919077387.0,8767000000000.0,9058600000000.0,158852333333.333,158995333333.333,133402000000.0,821354.37277311,17093963398.1153,17347000000.0,7.147,3.195,1129109000000.0
1980-01-01,1.869,1492366666666.67,1489900000000.0,190902342861681.0,190965475290441.0,9927100000000.0,9947300000000.0,165401333333.333,164074333333.333,135105000000.0,826489.782834026,17850591337.8538,17844000000.0,7.188,3.276,1119526000000.0
1980-04-01,1.847,1514566666666.67,1513100000000.0,196532331415652.0,196597325711825.0,10535200000000.0,10402400000000.0,171442666666.667,171442666666.667,138819000000.0,918927.163930507,18730950150.4774,18573000000.0,7.249,3.345,1142412000000.0
1980-07-01,1.831,1560333333333.33,1560966666666.67,198701976740623.0,198767688550143.0,11373500000000.0,11535200000000.0,177186333333.333,178449000000.0,142331000000.0,1135859.33438252,20314466010.6799,20335000000.0,7.153,3.214,1155084000000.0
1980-10-01,1.874,1593466666666.67,1597433333333.33,201746985873660.0,201813704684034.0,12746100000000.0,13087400000000.0,185268333333.333,185381666666.667,151274000000.0,1372399.43415803,21370399029.4683,21707000000.0,7.293,3.321,1230451000000.0
1981-01-01,1.928,1620733333333.33,1618100000000.0,205330963746868.0,205398867797948.0,13804100000000.0,13839200000000.0,191669666666.667,190129666666.667,151830000000.0,1368820.20896405,23221482941.1605,23273000000.0,7.528,3.54,1235037000000.0
1981-04-01,1.9,1664566666666.67,1662333333333.33,212040183863606.0,212110306689766.0,14973300000000.0,14808500000000.0,198000666666.667,198111000000.0,156997000000.0,1648933.485014,24318799807.5185,24104000000.0,7.428,3.468,1268356000000.0
1981-07-01,1.925,1694066666666.67,1695366666666.67,217744034660734.0,217816043780948.0,15863300000000.0,15943100000000.0,205493666666.667,206900333333.333,161717000000.0,1936983.30388535,25408315589.8419,25429000000.0,7.637,3.526,1282692000000.0
1981-10-01,1.888,1737800000000.0,1742566666666.67,223067093408230.0,223140862892523.0,17479200000000.0,17814100000000.0,208899000000.0,208964333333.333,168045000000.0,2547785.86416092,26484494295.9318,26889000000.0,7.592,3.442,1356895000000.0
1982-01-01,1.842,1777133333333.33,1773266666666.67,227086812061830.0,227161910888643.0,19022600000000.0,19047600000000.0,212756000000.0,211150666666.667,172477000000.0,2528800.40878421,27637369023.1779,27738000000.0,7.401,3.341,1366808000000.0
1982-04-01,1.836,1815100000000.0,1811833333333.33,231488085941879.0,231564640293573.0,21004800000000.0,20783900000000.0,217252000000.0,217425000000.0,174431000000.0,2820273.83436284,27944977733.8705,27709000000.0,7.452,3.354,1404812000000.0
1982-07-01,1.825,1845400000000.0,1847000000000.0,237419297067004.0,237497812902031.0,22333500000000.0,22837600000000.0,220092333333.333,221498000000.0,177011000000.0,3267521.36512258,29247460666.119,29265000000.0,7.446,3.315,1428063000000.0
1982-10-01,1.804,1886866666666.67,1893666666666.67,241064760446309.0,241144481855629.0,23966500000000.0,24413700000000.0,224431333333.333,224432333333.333,185472000000.0,3507951.92706545,30878166807.1609,31356000000.0,7.235,3.17,1511643000000.0
1983-01-01,1.745,1990833333333.33,1986800000000.0,244264760836216.0,244345540502830.0,24841100000000.0,24891600000000.0,229869333333.333,228285333333.333,187401000000.0,3794134.32409648,32896609661.7367,33018000000.0,7.176,2.724,1504016000000.0
1983-04-01,1.753,2042033333333.33,2039400000000.0,249087872405965.0,249170247101445.0,26859600000000.0,26586300000000.0,233128000000.0,233356000000.0,189668000000.0,4009043.45422146,34937897520.7702,34672000000.0,7.171,2.637,1538656000000.0
1983-07-01,1.779,2074300000000.0,2074733333333.33,254199265722595.0,254283330783262.0,28030500000000.0,28251500000000.0,237735666666.667,239080666666.667,192311000000.0,4178667.60471837,37031017957.1427,37047000000.0,7.228,2.686,1553088000000.0
1983-10-01,1.797,2111966666666.67,2118200000000.0,258408219044987.0,258493676029094.0,29437600000000.0,30006700000000.0,241046666666.667,241033666666.667,203460000000.0,5117358.31645907,37863687005.664,38465000000.0,7.309,2.753,1647621000000.0
1984-01-01,1.812,2157533333333.33,2154233333333.33,263682301749849.0,263769502901396.0,31065700000000.0,31162600000000.0,244495333333.333,242856666666.667,209213000000.0,5507649.48108865,39494231620.8446,39614000000.0,7.402,2.793,1630393000000.0
1984-04-01,1.82,2204000000000.0,2200966666666.67,267929082097040.0,268017687681626.0,32567600000000.0,32369300000000.0,249061666666.667,249433333333.333,213603000000.0,6110826.7355162,41768145710.5447,41484000000.0,7.462,2.81,1667878000000.0
1984-07-01,1.829,2233133333333.33,2233566666666.67,274111046578655.0,274201696572055.0,33982600000000.0,34234500000000.0,254384666666.667,255668000000.0,222779000000.0,6655335.82045995,45300470424.1922,45287000000.0,7.54,2.87,1703224000000.0
1984-10-01,1.818,2282566666666.67,2288500000000.0,278758693843901.0,278850880839181.0,35214800000000.0,35704400000000.0,260226333333.333,260225000000.0,244765000000.0,8059481.42590363,47004140306.2805,47825000000.0,7.576,2.842,1788789000000.0
1985-01-01,1.799,2351233333333.33,2348133333333.33,284557709471838.0,284651814232691.0,36182800000000.0,36324700000000.0,267454666666.667,265812000000.0,246798000000.0,8586094.38487753,49001415178.5307,49123000000.0,7.522,2.761,1789683000000.0
1985-04-01,1.795,2392866666666.67,2390200000000.0,290239229051695.0,290335212721548.0,37928800000000.0,37827800000000.0,273832333333.333,274224333333.333,247923000000.0,9810500.63818916,50813390269.7493,50480000000.0,7.457,2.729,1817711000000.0
1985-07-01,1.795,2443700000000.0,2443700000000.0,296740732348051.0,296838866099918.0,39323100000000.0,39879400000000.0,280664000000.0,281918000000.0,256820000000.0,10987754.4900324,51961274464.2383,51937000000.0,7.358,2.693,1830823000000.0
1985-10-01,1.792,2479766666666.67,2484633333333.33,303818600048566.0,303919074489246.0,41589800000000.0,42161500000000.0,288696666666.667,288743333333.333,278449000000.0,12675903.8336934,53599095154.3806,54577000000.0,7.247,2.669,1927935000000.0
1986-01-01,1.792,2516600000000.0,2514033333333.33,310180076989968.0,310282655205194.0,45074200000000.0,45101600000000.0,294178000000.0,292503333333.333,272675000000.0,13770057.4136418,53865639599.9589,54024000000.0,7.193,2.656,1917335000000.0
1986-04-01,1.76,2583233333333.33,2581133333333.33,314805857580353.0,314909965566033.0,47694800000000.0,47462700000000.0,301556333333.333,301962666666.667,272867000000.0,14760880.3184251,55022467736.6213,54673000000.0,6.98,2.563,1941360000000.0
1986-07-01,1.741,2647933333333.33,2647600000000.0,322940990623972.0,323047788941786.0,50419100000000.0,50602700000000.0,309270666666.667,310494333333.333,268234000000.0,15659421.4605987,55348721480.57,55248000000.0,6.788,2.483,1964933000000.0
1986-10-01,1.721,2706800000000.0,2711366666666.67,329162607118424.0,329271462958184.0,53899500000000.0,54620000000000.0,319811666666.667,319916333333.333,284127000000.0,18943749.6222842,55849833807.1394,56921000000.0,6.575,2.408,2058939000000.0
1987-01-01,1.718,2749500000000.0,2746666666666.67,337495237049409.0,337606848534583.0,57917700000000.0,58054900000000.0,329745000000.0,327850333333.333,288895000000.0,18499770.0797451,56838102247.7637,57129000000.0,6.455,2.377,2049117000000.0
1987-04-01,1.734,2773200000000.0,2772133333333.33,346318656036348.0,346433185473508.0,63216500000000.0,63003100000000.0,339546666666.667,340134666666.667,294553000000.0,19601860.2025149,59495328020.2823,59131000000.0,6.457,2.387,2099060000000.0
1987-07-01,1.751,2790533333333.33,2790233333333.33,357811435254800.0,357929765415694.0,66652600000000.0,66737700000000.0,346781000000.0,347937666666.667,298528000000.0,22433494.1864065,63019023438.8369,62790000000.0,6.555,2.428,2125065000000.0
1987-10-01,1.776,2822333333333.33,2826033333333.33,368074106172102.0,368195830253315.0,70167400000000.0,71161000000000.0,350251333333.333,350428666666.667,328606000000.0,27463550.53183,68157554798.0054,69464000000.0,6.649,2.491,2221564000000.0
1988-01-01,1.768,2871833333333.33,2869933333333.33,378168446829052.0,378293509162866.0,75982200000000.0,76112100000000.0,356642000000.0,354871666666.667,346005000000.0,26406278.5332281,74952690903.7352,75614000000.0,6.688,2.504,2203441000000.0
1988-04-01,1.774,2927433333333.33,2926133333333.33,385482368436947.0,385609849523867.0,81415200000000.0,81102400000000.0,366662000000.0,367177333333.333,345927000000.0,28510551.71031,79358778157.7211,78923000000.0,6.717,2.529,2264736000000.0
1988-07-01,1.79,2954466666666.67,2953433333333.33,396801242886130.0,396932467185544.0,87169600000000.0,87574400000000.0,380424666666.667,381449666666.667,337243000000.0,32837368.1143614,86765759681.7484,86326000000.0,6.749,2.57,2294247000000.0
1988-10-01,1.813,2980366666666.67,2984233333333.33,407047422547884.0,407182035313871.0,90917500000000.0,92386700000000.0,393046666666.667,393316666666.667,345081000000.0,42319202.508652,92323580626.3375,93941000000.0,6.879,2.634,2410010000000.0
1989-01-01,1.84,2996833333333.33,2995866666666.67,417007477266802.0,417145383876308.0,96222500000000.0,96322200000000.0,405600000000.0,403838333333.333,348937000000.0,45863413.5431172,99653417694.7605,100882000000.0,7.028,2.712,2410377000000.0
1989-04-01,1.861,3017466666666.67,3016233333333.33,422758810934532.0,422898619540932.0,99746100000000.0,99282800000000.0,419232333333.333,419714333333.333,361023000000.0,51414169.3450202,102941252151.823,102369000000.0,7.233,2.788,2477739000000.0
1989-07-01,1.853,3075400000000.0,3073233333333.33,435194710789680.0,435338632014867.0,105619800000000.0,105705900000000.0,433056000000.0,433967333333.333,360431000000.0,59861607.658253,110237285679.312,109691000000.0,7.307,2.777,2515811000000.0
1989-10-01,1.834,3135366666666.67,3139000000000.0,447844897422149.0,447993002131909.0,114191800000000.0,116204200000000.0,448745333333.333,449179333333.333,374771000000.0,73357309.6798526,117286124879.697,119022000000.0,7.283,2.733,2659927000000.0
1990-01-01,1.848,3180366666666.67,3179600000000.0,465643673945632.0,465797664806259.0,122739800000000.0,122990800000000.0,462639333333.333,460717000000.0,380828000000.0,77552005.9887005,122449996205.897,124200000000.0,7.356,2.736,2637361000000.0
1990-04-01,1.859,3206766666666.67,3207166666666.67,477690453169372.0,477848427964505.0,128388800000000.0,127964600000000.0,472027000000.0,472573333333.333,389588000000.0,89385702.5724037,123552506271.519,122874000000.0,7.391,2.746,2788776000000.0
1990-07-01,1.856,3241533333333.33,3238533333333.33,487552721711026.0,487713958011266.0,133746000000000.0,134811700000000.0,479845333333.333,480611333333.333,386322000000.0,96926974.4376149,124482034475.617,124001000000.0,7.377,2.728,2833827000000.0
1990-10-01,1.839,3265566666666.67,3269033333333.33,492791001468733.0,492953970096187.0,143728700000000.0,145603700000000.0,493216666666.667,493897000000.0,395097000000.0,111669958.63007,132743264298.996,134244000000.0,7.303,2.686,2979949000000.0
1991-01-01,1.826,3305133333333.33,3304733333333.33,493591507585621.0,493754740944741.0,150641600000000.0,151061500000000.0,505179000000.0,503447000000.0,403016000000.0,113301618.463061,142401953330.634,144489000000.0,7.247,2.633,2958242000000.0
1991-04-01,1.833,3342533333333.33,3343200000000.0,495459830794635.0,495623682018262.0,157057600000000.0,156699400000000.0,515191000000.0,515374666666.667,400340000000.0,130528118.084673,148513179046.387,147706000000.0,7.212,2.595,3015354000000.0
1991-07-01,1.85,3355066666666.67,3350833333333.33,501107405596976.0,501273124503883.0,165684300000000.0,165637500000000.0,522560333333.333,523238666666.667,428314000000.0,150983078.831246,152382285863.566,151994000000.0,7.166,2.578,3046743000000.0
1991-10-01,1.861,3365400000000.0,3369966666666.67,503451552960028.0,503618047089042.0,171544000000000.0,174029900000000.0,528948000000.0,529956333333.333,442720000000.0,181423611.01354,154004089915.596,155363000000.0,7.058,2.533,3204633000000.0
1992-01-01,1.874,3394066666666.67,3391700000000.0,502109390393314.0,502275440661968.0,181428900000000.0,181351400000000.0,537448000000.0,535527666666.667,434777000000.0,195723860.61135,158960189272.107,161099000000.0,6.886,2.468,3175420000000.0
1992-04-01,1.905,3396166666666.67,3397466666666.67,501407566356908.0,501573384528588.0,188854400000000.0,188092100000000.0,544070666666.667,544170333333.333,441871000000.0,217512783.025868,165468375230.353,164787000000.0,6.814,2.442,3254263000000.0
1992-07-01,1.931,3399700000000.0,3395666666666.67,501085173924507.0,501250885479281.0,198460200000000.0,198142400000000.0,553424666666.667,554085000000.0,449458000000.0,249888897.945667,171595090686.958,171409000000.0,6.735,2.42,3305736000000.0
1992-10-01,1.951,3423466666666.67,3429633333333.33,500724489924898.0,500890082199538.0,208878600000000.0,211468900000000.0,558165000000.0,559469000000.0,478400000000.0,296820788.018428,171060077007.931,172214000000.0,6.584,2.411,3433178000000.0
1993-01-01,1.971,3413200000000.0,3409700000000.0,501191753225956.0,501357500027076.0,220610100000000.0,220331500000000.0,561415333333.333,559556000000.0,466000000000.0,323348137.734305,167211332518.931,169307000000.0,6.508,2.417,3444200000000.0
1993-04-01,1.985,3428300000000.0,3429733333333.33,507131027480051.0,507298738431024.0,229326900000000.0,228362900000000.0,570575666666.667,570428000000.0,477200000000.0,343100947.868913,168080106782.7,167739000000.0,6.406,2.409,3484325000000.0
1993-07-01,1.997,3444566666666.67,3440300000000.0,509716570988195.0,509885136992275.0,240657000000000.0,242595700000000.0,574620333333.333,575177000000.0,471500000000.0,377205206.083454,173802985342.468,173708000000.0,6.289,2.403,3488618000000.0
1993-10-01,2.023,3464966666666.67,3472066666666.67,508608073253611.0,508776272671544.0,245569400000000.0,248271000000000.0,578636666666.667,580232333333.333,473800000000.0,439531810.570946,177844498226.561,178963000000.0,6.25,2.414,3651774000000.0
1994-01-01,2.047,3474633333333.33,3469966666666.67,509610655318761.0,509779186295961.0,261728000000000.0,261603100000000.0,578632666666.667,576804666666.667,483300000000.0,423674909.250733,190638967563.337,193007000000.0,6.264,2.434,3629400000000.0
1994-04-01,2.08,3483700000000.0,3484833333333.33,516121980368924.0,516292664676244.0,276755900000000.0,275595300000000.0,577506000000.0,577182000000.0,495000000000.0,726322364.647973,196409371705.61,196484000000.0,6.339,2.47,3651632000000.0
1994-07-01,2.103,3485800000000.0,3482433333333.33,520275122238939.0,520447180012552.0,286946800000000.0,286472300000000.0,583460333333.333,583799333333.333,493500000000.0,864637943.043808,205863206730.813,205819000000.0,6.369,2.509,3624824000000.0
1994-10-01,2.139,3484766666666.67,3491333333333.33,522219564039959.0,522392264850906.0,297561600000000.0,300657900000000.0,588766666666.667,590617666666.667,496200000000.0,980938018.508497,214558354210.253,215823000000.0,6.479,2.568,3735799000000.0
1995-01-01,2.155,3488933333333.33,3485100000000.0,526903379249969.0,527077629023729.0,310961300000000.0,311047400000000.0,590944333333.333,589187000000.0,499800000000.0,1181990100.48578,213710538622.961,216538000000.0,6.55,2.623,3702886000000.0
1995-04-01,2.151,3521600000000.0,3522333333333.33,532084686199274.0,532260649459034.0,329349700000000.0,327647400000000.0,598894000000.0,598352666666.667,515200000000.0,1513229184.82489,227296037860.514,227731000000.0,6.614,2.642,3759170000000.0
1995-07-01,2.142,3583366666666.67,3580366666666.67,534066988206693.0,534243607024359.0,345439400000000.0,345159900000000.0,607269333333.333,607724000000.0,511300000000.0,1733257540.68818,229465610195.814,229457000000.0,6.714,2.62,3776711000000.0
1995-10-01,2.147,3618033333333.33,3623333333333.33,537748154988351.0,537925991187617.0,366621600000000.0,370600400000000.0,612968000000.0,614804000000.0,542573000000.0,1955550923.6253,243988422881.943,245722000000.0,6.86,2.62,3937403000000.0
1996-01-01,2.147,3662500000000.0,3661200000000.0,542533837712509.0,542713256562723.0,382131100000000.0,383578200000000.0,620825000000.0,619116000000.0,566049000000.0,2219069822.34658,261708633762.846,265163000000.0,7.016,2.603,3931433000000.0
1996-04-01,2.165,3706233333333.33,3706900000000.0,549385108261844.0,549566792863977.0,400530700000000.0,399394800000000.0,627792000000.0,627574000000.0,571579000000.0,2823779763.24958,276032317739.979,276835000000.0,7.18,2.609,3966021000000.0
1996-07-01,2.171,3741166666666.67,3736266666666.67,553248276123342.0,553431238295808.0,414432900000000.0,415293800000000.0,631108666666.667,631109333333.333,565099000000.0,3521988247.70983,282978776475.409,283328000000.0,7.369,2.6,3973985000000.0
1996-10-01,2.176,3784166666666.67,3787300000000.0,555057602446311.0,555241162972698.0,428974200000000.0,432315600000000.0,635286333333.333,637015000000.0,575545000000.0,4551674846.50476,292708588772.045,295313000000.0,7.623,2.595,4090345000000.0
1997-01-01,2.174,3832466666666.67,3834233333333.33,558039865172425.0,558224411949092.0,447989700000000.0,448589300000000.0,637175000000.0,636248666666.667,567362000000.0,5040042539.33317,309962211546.046,313686000000.0,7.761,2.575,4070899000000.0
1997-04-01,2.19,3875433333333.33,3876200000000.0,566124893998987.0,566312114538054.0,471436500000000.0,468636300000000.0,636577666666.667,636121333333.333,585438000000.0,5940766230.7826,315534636655.102,316433000000.0,8.002,2.582,4139717000000.0
1997-07-01,2.192,3935800000000.0,3928833333333.33,570183667396611.0,570372230193811.0,490967100000000.0,490631300000000.0,632879000000.0,632203666666.667,595773000000.0,7106407675.5302,337337915636.171,338253000000.0,8.102,2.567,4131073000000.0
1997-10-01,2.184,3997733333333.33,4000600000000.0,573245333693200.0,573434908999867.0,514939400000000.0,517306900000000.0,629191333333.333,631330333333.333,590112000000.0,8806139547.53737,346758513266.882,350700000000.0,8.196,2.538,4265545000000.0
1998-01-01,2.17,4070633333333.33,4075400000000.0,584022385784553.0,584215525120153.0,558275000000000.0,559556300000000.0,623552333333.333,622559666666.667,605848000000.0,9505777543.4164,357588592786.775,361312000000.0,8.238,2.5,4275050000000.0
1998-04-01,2.155,4146833333333.33,4148233333333.33,589464798749766.0,589659737920526.0,587501000000000.0,585482900000000.0,621627000000.0,621143000000.0,617539000000.0,12407597799.0844,375309961782.813,375751000000.0,8.326,2.45,4357028000000.0
1998-07-01,2.155,4216333333333.33,4205700000000.0,594199846351257.0,594396351427657.0,621343900000000.0,621838300000000.0,626368000000.0,625705666666.667,613263000000.0,14250846953.0237,385827002990.398,387349000000.0,8.469,2.418,4335145000000.0
1998-10-01,2.14,4324466666666.67,4327233333333.33,599041274164592.0,599239380327139.0,636762400000000.0,639664300000000.0,632372666666.667,634672666666.667,616917000000.0,17776607548.4694,388775869419.879,393806000000.0,8.511,2.358,4471128000000.0
1999-01-01,2.129,4401200000000.0,4408966666666.67,607451648586017.0,607652536104497.0,664618600000000.0,665514800000000.0,639941333333.333,638714000000.0,633347000000.0,20390057722.4205,387861638889.711,391457000000.0,8.578,2.319,4459586000000.0
1999-04-01,2.124,4464933333333.33,4466966666666.67,613746596418016.0,613949565709509.0,673095700000000.0,670344400000000.0,647931333333.333,647463333333.333,657436000000.0,23782573101.0039,408453600381.271,407884000000.0,8.647,2.292,4555934000000.0
1999-07-01,2.128,4530700000000.0,4517033333333.33,615432387641579.0,615635914433273.0,677834300000000.0,679138500000000.0,656419333333.333,655814666666.667,658428000000.0,28867356110.8802,425963417482.784,427411000000.0,8.82,2.288,4561347000000.0
1999-10-01,2.146,4592033333333.33,4595600000000.0,617209594175071.0,617413708698498.0,669798800000000.0,672544400000000.0,664620000000.0,667033666666.667,683852000000.0,34861368607.4517,440688486175.657,446935000000.0,8.902,2.293,4708947000000.0
2000-01-01,2.135,4664633333333.33,4673600000000.0,620862689322537.0,621068011944124.0,683311200000000.0,684735300000000.0,676428666666.667,675108666666.667,698573000000.0,34922327481.0596,435381564949.203,438954000000.0,8.989,2.269,4768884000000.0
2000-04-01,2.151,4743066666666.67,4744533333333.33,628072885246644.0,628280592318697.0,686899300000000.0,683704800000000.0,688121666666.667,687697000000.0,731207000000.0,38140382397.8167,442722762082.951,441072000000.0,9.251,2.285,4805383000000.0
2000-07-01,2.141,4799000000000.0,4785200000000.0,627136699564494.0,627344097034921.0,697329900000000.0,697736000000000.0,695734666666.667,694968333333.333,748661000000.0,41223727727.7515,451771150425.838,452472000000.0,9.37,2.259,4794882000000.0
2000-10-01,2.133,4870366666666.67,4875066666666.67,629605775654182.0,629813989661315.0,704065600000000.0,707698900000000.0,702058000000.0,704581666666.667,753269000000.0,49661119311.4833,468250319150.105,474848000000.0,9.546,2.239,4910328000000.0
2001-01-01,2.085,4997833333333.33,5005566666666.67,635775529306739.0,635985783684499.0,717620700000000.0,720212600000000.0,715008333333.333,713833333333.333,775201000000.0,59893255167.4181,487637807795.698,491457000000.0,9.499,2.143,5090546000000.0
2001-04-01,2.059,5123433333333.33,5124666666666.67,644486562212107.0,644699697375174.0,738363600000000.0,737260000000000.0,728590333333.333,727968333333.333,799197000000.0,62835152007.583,495426098766.281,492768000000.0,9.459,2.063,5216143000000.0
2001-07-01,2.014,5238600000000.0,5225966666666.67,646151714480035.0,646365400317889.0,765193100000000.0,768718400000000.0,740226333333.333,739335000000.0,802291000000.0,65535136797.8118,508355159800.357,508210000000.0,9.098,1.987,5263161000000.0
2001-10-01,1.98,5355933333333.33,5362500000000.0,649019500683734.0,649234134913867.0,763847000000000.0,764979300000000.0,761518666666.667,764376666666.667,818858000000.0,73515845344.013,537212727469.079,544056000000.0,9.086,1.9,5446736520000.0
2002-01-01,1.969,5449900000000.0,5452300000000.0,658435742148779.0,658653490380473.0,798918700000000.0,805123300000000.0,776727333333.333,774266000000.0,838755000000.0,77054378529.0583,580636765858.062,585236000000.0,9.05,1.87,5468342050000.0
2002-04-01,1.972,5492466666666.67,5495066666666.67,666804208208521.0,667024723936827.0,821128200000000.0,826520500000000.0,781868000000.0,781872666666.667,872471000000.0,82653341825.7695,583521875498.701,579246000000.0,9.15,1.863,5569629060000.0
2002-07-01,1.953,5595333333333.33,5585500000000.0,667523054406086.0,667743807860686.0,848773900000000.0,840325000000000.0,793794333333.333,794125666666.667,848151000000.0,87427913076.8473,598769976060.285,598267000000.0,9.199,1.848,5622654790000.0
2002-10-01,1.927,5710066666666.67,5718000000000.0,667859184021177.0,668080048635643.0,871564100000000.0,872075600000000.0,805191000000.0,807418666666.667,882915000000.0,96296344525.9496,626136527142.861,632621000000.0,9.132,1.815,5807824780000.0
2003-01-01,1.915,5804400000000.0,5800766666666.67,670680184167888.0,670901981702235.0,887466400000000.0,887799000000000.0,813148333333.333,810276000000.0,883091000000.0,99247196276.3129,646048631524.542,651020000000.0,9.048,1.799,5889675810000.0
2003-04-01,1.901,5919866666666.67,5924933333333.33,674627533333333.0,677182500000000.0,880029800000000.0,881989100000000.0,820865333333.333,821078333333.333,902793000000.0,105530851346.967,690346738502.713,684477000000.0,8.932,1.797,6020728130000.0
2003-07-01,1.905,6040766666666.67,6032466666666.67,678893233333333.0,679628300000000.0,889643200000000.0,880971900000000.0,834011000000.0,834599666666.667,887723000000.0,116668618945.803,706584405455.772,706699000000.0,8.941,1.792,6017975970000.0
2003-10-01,1.94,6035333333333.33,6043333333333.33,679962066666667.0,677961500000000.0,895639800000000.0,898069400000000.0,840927666666.667,843141333333.333,904218000000.0,128716665989.264,727380264377.45,733453000000.0,9.048,1.835,6180921540000.0
2004-01-01,1.95,6083100000000.0,6075000000000.0,683175900000000.0,681893233333333.0,911447100000000.0,913949200000000.0,852036000000.0,848783666666.667,920117000000.0,144027877080.22,744086819579.37,748540000000.0,9.042,1.849,6225883740000.0
2004-04-01,1.94,6212933333333.33,6222500000000.0,687292033333333.0,689684666666667.0,923962300000000.0,929193800000000.0,864967000000.0,865309000000.0,952455000000.0,151587309622.829,755941453115.94,749022000000.0,9.065,1.838,6334158160000.0
2004-07-01,1.949,6282866666666.67,6274333333333.33,691714433333333.0,692628133333333.0,941989400000000.0,945480200000000.0,874068333333.333,874892000000.0,938631000000.0,160153498847.073,788750853869.68,790428000000.0,9.098,1.855,6376641110000.0
2004-10-01,1.958,6367133333333.33,6372833333333.33,693460833333333.0,691530166666667.0,953841500000000.0,954722500000000.0,881204666666.667,883386000000.0,972013000000.0,168907132094.726,812814349285.449,818740000000.0,9.138,1.878,6568176120000.0
2005-01-01,1.985,6404000000000.0,6395433333333.33,696382900000000.0,695047033333333.0,969658200000000.0,970629100000000.0,895291666666.667,891866000000.0,1006786000000.0,176967993856.606,833151343973.138,836640000000.0,9.321,1.917,6627775880000.0
2005-04-01,1.995,6448733333333.33,6463900000000.0,698487366666667.0,700844533333333.0,995096200000000.0,999795400000000.0,907377333333.333,907811666666.667,1043191000000.0,196963078632.225,884352332582.845,876491000000.0,9.445,1.939,6837022790000.0
2005-07-01,2.0,6541333333333.33,6528700000000.0,703806933333333.0,704684266666667.0,1013018500000000.0,1004087900000000.0,913833000000.0,914602333333.333,1055341000000.0,215563358023.972,925161500680.446,928537000000.0,9.557,1.948,6925241090000.0
2005-10-01,2.001,6628466666666.67,6630033333333.33,706866233333333.0,704921766666667.0,1017302300000000.0,1021448700000000.0,927200666666.667,929456000000.0,1085330000000.0,238801378000.0,956666701381.701,963515000000.0,9.686,1.951,7130669730000.0
2006-01-01,2.016,6715333333333.33,6712233333333.33,707510400000000.0,706229633333333.0,1038058300000000.0,1040062100000000.0,939565000000.0,936898000000.0,1106703000000.0,247906895600.0,1029853475346.09,1032586000000.0,9.852,1.971,7212527000000.0
2006-04-01,2.017,6787233333333.33,6806733333333.33,707769400000000.0,710272366666667.0,1075247300000000.0,1082235000000000.0,957245666666.667,957215333333.333,1170037000000.0,278518255400.0,1059959049131.73,1050280000000.0,9.957,1.979,7407431000000.0
2006-07-01,2.006,6885033333333.33,6864700000000.0,707317200000000.0,708006100000000.0,1112574300000000.0,1112597100000000.0,979144333333.333,979230666666.667,1176786000000.0,281859755100.0,1102410655712.06,1106311000000.0,10.126,1.969,7545250000000.0
2006-10-01,1.997,6999766666666.67,6998366666666.67,711237100000000.0,709198333333333.0,1144573100000000.0,1149262100000000.0,1001828000000.0,1004682666666.67,1233749000000.0,297734742600.0,1147177588565.23,1156842000000.0,10.254,1.955,7801675000000.0
2007-01-01,1.993,7101166666666.67,7107400000000.0,714480966666667.0,713292033333333.0,1160311500000000.0,1164050700000000.0,1018193666666.67,1015316333333.33,1292896000000.0,305514501000.0,1192208031320.32,1195132000000.0,10.399,1.949,8014409000000.0
2007-04-01,1.986,7222566666666.67,7244466666666.67,718021033333333.0,720750866666667.0,1193136800000000.0,1204632900000000.0,1038618000000.0,1038559000000.0,1354494000000.0,320006675000.0,1262019219808.48,1249390000000.0,10.469,1.924,8242225000000.0
2007-07-01,1.977,7336333333333.33,7305566666666.67,720374933333333.0,720962933333333.0,1224764400000000.0,1227055300000000.0,1062933666666.67,1062849666666.67,1376246000000.0,327465954000.0,1348795040519.72,1350336000000.0,10.595,1.878,8395223000000.0
2007-10-01,1.977,7414300000000.0,7411900000000.0,725562400000000.0,723322866666667.0,1277716200000000.0,1273611900000000.0,1077477333333.33,1080787666666.67,1440205000000.0,344376752000.0,1381407502575.79,1396325000000.0,10.703,1.823,8691439000000.0
2008-01-01,1.939,7558200000000.0,7575066666666.67,730539866666667.0,729351600000000.0,1325472100000000.0,1316505100000000.0,1110018333333.33,1106963666666.67,1431760000000.0,372435012000.0,1427685982023.17,1430331000000.0,10.639,1.752,8877089000000.0
2008-04-01,1.927,7688666666666.67,7709866666666.67,732587533333333.0,735573300000000.0,1362676100000000.0,1368551700000000.0,1142990666666.67,1142628000000.0,1465885000000.0,379097979300.0,1491783377362.44,1474111000000.0,10.645,1.708,9076946000000.0
2008-07-01,1.908,7779933333333.33,7741133333333.33,736446900000000.0,737057866666667.0,1393143100000000.0,1392431900000000.0,1169951000000.0,1169884000000.0,1459261000000.0,399314553900.0,1507582440673.8,1505687000000.0,10.418,1.692,9198869000000.0
2008-10-01,1.813,8030200000000.0,8030133333333.33,738834000000000.0,736420233333333.0,1420513900000000.0,1425887500000000.0,1211327000000.0,1215367666666.67,1494802000000.0,436380326000.0,1539608867094.39,1561612000000.0,9.548,1.623,9423780000000.0
2009-01-01,1.735,8290900000000.0,8314066666666.67,746177866666667.0,744751633333333.0,1476359800000000.0,1467314900000000.0,1258684000000.0,1255187333333.33,1494777000000.0,447061458200.0,1570085955386.45,1573449000000.0,9.155,1.531,9406751000000.0
2009-04-01,1.709,8386433333333.33,8405433333333.33,751590400000000.0,754879666666667.0,1505341300000000.0,1509702200000000.0,1288956333333.33,1288132000000.0,1535534000000.0,450220461000.0,1566961858069.82,1545002000000.0,8.827,1.496,9457503000000.0
2009-07-01,1.711,8409033333333.33,8364133333333.33,757238100000000.0,757947233333333.0,1529332200000000.0,1541191200000000.0,1307685333333.33,1307760666666.67,1508971000000.0,468103547000.0,1547630704262.04,1543156000000.0,8.691,1.499,9378228000000.0
2009-10-01,1.726,8453733333333.33,8459166666666.67,762849700000000.0,760390266666667.0,1563875700000000.0,1566850000000000.0,1316149666666.67,1320819333333.33,1529940000000.0,493060974700.0,1561724203700.17,1588265000000.0,8.698,1.529,9382249000000.0
2010-01-01,1.739,8462200000000.0,8484566666666.67,767406200000000.0,765546833333333.0,1616013100000000.0,1609271800000000.0,1320676333333.33,1316896000000.0,1523650000000.0,508028108100.0,1573514839038.16,1577112000000.0,8.708,1.555,9313183000000.0
2010-04-01,1.746,8550766666666.67,8564600000000.0,773627433333333.0,777253200000000.0,1641606300000000.0,1645713700000000.0,1337779666666.67,1336427000000.0,1569903000000.0,532117275000.0,1575368773102.23,1550367000000.0,8.742,1.586,9256526000000.0
2010-07-01,1.748,8624300000000.0,8578333333333.33,778080133333333.0,778879133333333.0,1652110100000000.0,1652908000000000.0,1355141333333.33,1355522000000.0,1565148000000.0,546077079000.0,1592708208225.62,1588481000000.0,8.671,1.583,9248048000000.0
2010-10-01,1.745,8733733333333.33,8747666666666.67,782325200000000.0,779885066666667.0,1656404500000000.0,1660530000000000.0,1363796000000.0,1368963666666.67,1609936000000.0,587261177000.0,1646586741003.71,1677329000000.0,8.434,1.574,9320772000000.0
2011-01-01,1.728,8856800000000.0,8879266666666.67,786322166666667.0,784103066666667.0,1683380900000000.0,1675788600000000.0,1372021000000.0,1367903333333.33,1620867000000.0,612916566300.0,1644960991968.44,1649673000000.0,8.205,1.565,9328841000000.0
2011-04-01,1.714,9027033333333.33,9032000000000.0,794722000000000.0,798642100000000.0,1690401600000000.0,1693131700000000.0,1386669666666.67,1384836666666.67,1667764000000.0,640200126000.0,1673664589575.36,1645331000000.0,8.044,1.54,9404390000000.0
2011-07-01,1.656,9424066666666.67,9375833333333.33,799754966666667.0,800529466666667.0,1728739400000000.0,1727997300000000.0,1407091000000.0,1407842333333.33,1684074000000.0,663929433100.0,1722838961213.47,1720382000000.0,7.533,1.503,9465968000000.0
2011-10-01,1.648,9577300000000.0,9601666666666.67,805705433333333.0,803247033333333.0,1742028400000000.0,1751458400000000.0,1436748333333.33,1442446666666.67,1709189000000.0,674409578800.0,1765001904397.49,1797771000000.0,7.339,1.498,9535046000000.0
2012-01-01,1.642,9756533333333.33,9780100000000.0,809887766666667.0,807538033333333.0,1784170300000000.0,1782765500000000.0,1451455333333.33,1446898000000.0,1704355000000.0,672025170200.0,1793316983138.43,1798205000000.0,7.264,1.492,9605842000000.0
2012-04-01,1.631,9897133333333.33,9892766666666.67,813357066666667.0,817461800000000.0,1794873800000000.0,1803812400000000.0,1472854666666.67,1470546000000.0,1747613000000.0,694307422800.0,1798403249697.9,1767922000000.0,7.183,1.479,9683131000000.0
2012-07-01,1.612,10088600000000.0,10040666666666.7,818847400000000.0,819561166666667.0,1806751200000000.0,1824002800000000.0,1494745333333.33,1495923333333.33,1741212000000.0,717634904000.0,1828343187721.81,1830093000000.0,6.939,1.461,9700181000000.0
2012-10-01,1.586,10300266666666.7,10333166666666.7,824505300000000.0,821925233333333.0,1832512000000000.0,1835641600000000.0,1506057000000.0,1512158666666.67,1773712000000.0,743043392500.0,1835470993645.51,1867804000000.0,6.728,1.437,9807967000000.0
2013-01-01,1.583,10472366666666.7,10495933333333.3,833194466666667.0,830891466666667.0,1869835500000000.0,1868046500000000.0,1531117333333.33,1526091000000.0,1775745000000.0,763323809300.0,1894562854496.49,1899554000000.0,6.72,1.43,9803725000000.0
2013-04-01,1.571,10594500000000.0,10583866666666.7,841703266666667.0,846025166666667.0,1883518500000000.0,1892905600000000.0,1549829666666.67,1547219333333.33,1829415000000.0,807047862000.0,1959527676375.91,1927548000000.0,6.624,1.417,9818252000000.0
2013-07-01,1.568,10753533333333.3,10704633333333.3,849987033333333.0,850586500000000.0,1902149400000000.0,1900172300000000.0,1566554000000.0,1567958000000.0,1811226000000.0,863518454800.0,2004425206969.65,2009918000000.0,6.601,1.412,9849394000000.0
2013-10-01,1.56,10922600000000.0,10960400000000.0,859590066666667.0,856852200000000.0,1916336500000000.0,1920795000000000.0,1588804666666.67,1595338666666.67,1881043000000.0,903421000000.0,2019141289704.93,2051928000000.0,6.488,1.406,9838121000000.0
2014-01-01,1.538,,,,,,,,,,,,,6.291,1.388,9885427000000.0
2014-04-01,1.542,,,,,,,,,,,,,6.243,1.395,9963404000000.0
2014-07-01,1.547,,,,,,,,,,,,,6.253,1.401,10090601000000.0
2014-10-01,1.537,,,,,,,,,,,,,6.156,1.388,10324951000000.0
2015-01-01,1.521,,,,,,,,,,,,,6.034,1.371,10468470000000.0
2015-04-01,1.521,,,,,,,,,,,,,6.063,1.37,10574729000000.0
2015-07-01,1.512,,,,,,,,,,,,,6.024,1.357,10695874000000.0
2015-10-01,1.493,,,,,,,,,,,,,5.98,1.34,10842536000000.0
2016-01-01,1.469,,,,,,,,,,,,,5.893,1.326,10993835000000.0
2016-04-01,1.458,,,,,,,,,,,,,5.767,1.313,11118426000000.0
2016-07-01,1.448,,,,,,,,,,,,,5.694,1.305,11242681000000.0
2016-10-01,1.441,,,,,,,,,,,,,5.674,1.305,11372997000000.0
2017-01-01,1.434,,,,,,,,,,,,,5.607,1.303,11581365000000.0
2017-04-01,1.427,,,,,,,,,,,,,5.52,1.298,
2017-07-01,1.431,,,,,,,,,,,,,5.481,1.301,
2017-10-01,1.44,,,,,,,,,,,,,5.502,1.308,
2018-01-01,1.449,,,,,,,,,,,,,5.528,1.315,
2018-04-01,1.458,,,,,,,,,,,,,5.604,1.327,
2018-07-01,1.459,,,,,,,,,,,,,5.605,1.33,
2018-10-01,1.458,,,,,,,,,,,,,5.578,1.335,
2019-01-01,1.452,,,,,,,,,,,,,5.603,1.33,
2019-04-01,1.453,,,,,,,,,,,,,5.607,1.331,
2019-07-01,1.443,,,,,,,,,,,,,5.561,1.311,
2019-10-01,1.425,,,,,,,,,,,,,5.473,1.286,
2020-01-01,1.379,,,,,,,,,,,,,5.271,1.233,
2020-04-01,1.112,,,,,,,,,,,,,1.568,0.955,
2020-07-01,1.161,,,,,,,,,,,,,1.261,1.003,
2020-10-01,1.146,,,,,,,,,,,,,1.233,0.997,
2021-01-01,1.138,,,,,,,,,,,,,1.215,,
2021-04-01,1.134,,,,,,,,,,,,,1.202,,
2021-07-01,1.132,,,,,,,,,,,,,1.196,,
2021-10-01,1.142,,,,,,,,,,,,,1.202,,
2022-01-01,1.14,,,,,,,,,,,,,1.198,,
2022-04-01,1.167,,,,,,,,,,,,,1.226,,
2022-07-01,1.191,,,,,,,,,,,,,1.259,,
