,Close,Consumer Price Index: Total All Items for the United States,Sticky Price Consumer Price Index less Food and Energy,Sticky Price Consumer Price Index,Real M2 Money Stock,Unemployment Rate,Federal Funds Effective Rate,"Market Yield on U.S. Treasury Securities at 10-Year Constant Maturity, Quoted on an Investment Basis",Consumer Price Index for All Urban Consumers: All Items in U.S. City Average
1967-12-01,94.5,0.295857988165682,3.383497007,0.31685,1543.5,3.8,4.5,5.78,34.0
1968-02-01,92.559998,0.293255131964811,3.682012499,0.34517,1550.9,3.8,4.75,5.58,34.2
1968-03-01,89.110001,0.292397660818715,4.151667589,0.4605,1554.5,3.7,4.75,5.56,34.3
1968-04-01,92.480003,0.291545189504355,4.165427174,0.30354,1557.3,3.5,5.5,5.64,34.4
1968-05-01,97.970001,0.290697674418606,4.097704474,0.25199,1562.0,3.5,6.38,5.73,34.5
1968-07-01,99.400002,0.576368876080694,4.766361188,0.51008,1563.3,3.7,6.13,5.62,34.9
1968-08-01,97.279999,0.2865329512894,4.960194431,0.48351,1569.7,3.5,6.0,5.38,35.0
1968-10-01,102.860001,0.569800569800572,5.198351909,0.58758,1579.6,3.4,6.0,5.49,35.3
1968-11-01,103.059998,0.283286118980171,5.414944837,0.5526,1588.7,3.4,6.0,5.61,35.4
1969-04-01,101.419998,0.554016620498617,6.524447618,0.65007,1586.0,3.4,6.63,6.25,36.3
1969-05-01,103.510002,0.275482093663913,6.799346963,0.4841,1583.8,3.4,8.25,6.25,36.4
1969-07-01,98.080002,0.546448087431696,6.404961413,0.53369,1574.7,3.5,8.75,6.75,36.8
1969-08-01,93.470001,0.543478260869567,6.430385766,0.5103,1572.1,3.5,9.5,6.66,36.9
1969-10-01,92.519997,0.539083557951485,6.574721234,0.39512,1564.1,3.7,8.0,7.52,37.3
1969-12-01,93.220001,0.533333333333318,6.425116862,0.57145,1559.4,3.5,9.63,7.29,37.7
1970-04-01,90.07,0.785340314136129,6.855423125,0.54606,1528.3,4.6,8.0,7.04,38.5
1970-05-01,81.440002,0.259740259740261,6.98585698,0.59521,1532.4,4.8,8.63,7.85,38.6
1970-06-01,77.839996,0.518134715025909,7.191308106,0.49853,1534.0,4.9,7.75,7.84,38.8
1970-07-01,72.940002,0.515463917525775,7.04714037,0.40369,1540.1,5.0,7.0,7.64,38.9
1970-09-01,80.949997,0.512820512820515,7.121184091,0.55044,1559.2,5.4,6.75,7.47,39.2
1970-10-01,84.32,0.510204081632655,7.097174731,0.31782,1564.5,5.5,6.5,7.29,39.4
1970-12-01,87.470001,0.505050505050507,7.381000774,0.54251,1574.1,6.1,5.63,6.48,39.8
1971-02-01,96.419998,0.251256281407036,6.360389898,0.14831,1606.5,5.9,4.38,6.09,39.9
1971-03-01,97.0,0.250626566416041,5.533559236,0.0382,1624.7,6.0,3.63,6.12,40.0
1971-04-01,100.389999,0.250000000000001,5.338291383,0.31451,1641.9,5.9,4.0,5.58,40.1
1971-06-01,100.199997,0.744416873449134,5.273268229,0.68402,1661.7,5.9,4.75,6.36,40.5
1971-07-01,99.779999,0.246305418719197,5.199542864,0.32684,1673.9,6.0,5.25,6.69,40.6
1971-09-01,99.07,0.0,4.707522595,0.3391,1697.3,6.0,5.75,6.22,40.8
1971-10-01,98.93,0.245098039215687,4.41123702,0.0598,1707.6,5.8,5.38,6.0,40.9
1971-11-01,92.800003,0.0,3.978662385,0.30278,1718.5,6.0,5.13,5.8,41.0
1971-12-01,95.440002,0.488997555012227,3.708040621,0.31166,1728.2,6.0,3.75,5.92,41.1
1972-02-01,104.010002,0.486618004866182,3.864643731,0.21808,1752.9,5.7,3.25,6.09,41.4
1972-03-01,107.349998,0.242130750605328,4.078580445,0.23777,1771.7,5.8,3.25,6.04,41.4
1972-05-01,106.690002,0.240963855421688,3.880713129,0.25711,1786.8,5.7,4.25,6.14,41.6
1972-06-01,109.690002,0.240384615384616,3.504240606,0.31978,1797.8,5.7,4.44,6.07,41.7
1972-08-01,108.400002,0.238663484486859,3.380601319,0.2857,1834.6,5.6,4.63,6.14,41.9
1972-09-01,111.510002,0.238095238095239,3.137835466,0.13167,1848.7,5.5,5.19,6.43,42.1
1972-11-01,112.669998,0.236406619385344,3.281095844,0.26072,1872.4,5.3,5.5,6.39,42.4
1972-12-01,117.379997,0.235849056603775,3.153985901,0.22246,1887.8,5.2,5.25,6.29,42.5
1973-02-01,114.760002,0.704225352112679,2.886258664,0.29682,1893.3,5.0,6.44,6.6,43.0
1973-03-01,111.050003,0.932400932400936,2.934248028,0.28941,1878.6,4.9,7.0,6.65,43.4
1973-05-01,107.099998,0.688073394495416,3.180735955,0.4776,1883.4,4.9,7.88,6.72,43.9
1973-06-01,103.93,0.683371298405455,3.104206448,0.33368,1885.3,4.9,8.44,6.96,44.2
1973-08-01,106.830002,1.80586907449211,3.329072164,0.57788,1864.0,4.8,8.74,7.55,45.0
1973-10-01,108.209999,0.884955752212393,4.775638756,1.06692,1847.8,4.6,10.9,6.91,45.6
1973-11-01,107.690002,0.657894736842108,4.938670847,0.48382,1849.5,4.8,9.88,6.71,45.9
1974-02-01,95.32,1.28755364806866,6.303969131,0.68527,1827.1,5.2,9.31,7.0,47.3
1974-03-01,95.529999,1.27118644067797,6.831393725,0.72455,1820.3,5.1,8.97,7.08,47.8
1974-04-01,93.25,0.418410041841006,7.120384207,0.67741,1814.8,5.1,10.01,7.42,48.1
1974-05-01,92.220001,1.24999999999999,7.749650582,0.96397,1799.6,5.1,10.57,7.62,48.6
1974-07-01,86.019997,0.816326530612248,9.552860371,1.08764,1787.8,5.5,14.33,7.65,49.3
1974-08-01,78.75,1.21457489878543,10.130319088,1.11583,1771.7,5.5,12.25,7.92,49.9
1974-10-01,63.389999,0.988142292490123,10.591306867,0.99197,1751.6,6.0,11.3,7.97,51.0
1974-11-01,73.879997,0.782778864970649,11.017162794,0.78548,1744.9,6.6,9.65,7.8,51.5
1975-04-01,82.639999,0.379506641366226,11.729239119,0.65849,1764.3,8.8,5.48,8.08,53.0
1975-05-01,88.099998,0.567107750472592,10.951529411,0.27444,1785.1,9.0,5.55,8.31,53.1
1975-07-01,94.849998,1.11940298507463,9.787927045,0.46225,1805.7,8.6,6.12,7.97,54.0
1975-08-01,87.989998,0.184501845018451,8.938380195,0.3753,1813.8,8.4,6.24,8.26,54.2
1975-10-01,82.93,0.549450549450552,8.142102792,0.63146,1817.5,8.4,6.24,8.47,54.9
1975-12-01,90.669998,0.361663652802895,7.727553082,0.62189,1827.7,8.2,5.31,8.12,55.6
1976-03-01,100.019997,0.179211469534051,7.388426262,0.50718,1875.0,7.6,5.21,7.86,56.0
1976-04-01,102.239998,0.357781753130592,6.899629973,0.268,1890.9,7.7,4.83,7.68,56.1
1976-06-01,99.849998,0.530973451327436,6.922850698,0.54871,1900.5,7.6,5.58,7.94,56.7
1976-07-01,103.589996,0.528169014084509,7.140992224,0.67041,1905.8,7.8,5.58,7.88,57.0
1976-09-01,104.059998,0.34843205574913,7.125381525,0.5587,1928.5,7.6,5.25,7.64,57.6
1976-10-01,104.169998,0.520833333333336,6.910786682,0.42564,1943.0,7.7,5.32,7.49,57.9
1976-11-01,103.099998,0.172711571675303,6.633941823,0.50422,1959.0,7.8,5.04,7.38,58.1
1976-12-01,102.489998,0.344827586206898,6.218614511,0.29614,1972.6,7.8,4.67,6.97,58.4
1977-02-01,102.540001,1.02564102564103,6.063399587,0.4798,1985.8,7.6,4.58,7.41,59.3
1977-03-01,100.660004,0.676818950930618,6.112229251,0.56386,1994.1,7.4,4.7,7.49,59.6
1977-04-01,99.209999,0.840336134453785,6.591159521,0.72915,1999.3,7.2,4.72,7.43,60.0
1977-06-01,96.93,0.663349917081263,6.930956833,0.71279,2012.9,7.2,5.24,7.38,60.5
1977-07-01,100.099998,0.494233937397037,6.892219332,0.63867,2017.6,6.9,5.36,7.34,60.8
1977-08-01,99.120003,0.327868852459018,6.843199666,0.52317,2024.5,7.0,5.84,7.43,61.1
1977-09-01,96.830002,0.326797385620916,6.883555545,0.57984,2033.0,6.8,6.06,7.3,61.3
1977-11-01,91.349998,0.487012987012989,7.010588577,0.57493,2036.1,6.8,6.65,7.63,62.0
1977-12-01,94.690002,0.323101777059775,7.387469073,0.58618,2039.0,6.4,6.52,7.58,62.3
1978-02-01,89.93,0.640000000000003,7.365140892,0.53485,2040.5,6.3,7.18,7.96,63.0
1978-03-01,87.190002,0.794912559618445,7.457868288,0.66535,2038.2,6.3,6.86,8.05,63.4
1978-05-01,97.669998,0.938967136150239,7.667650906,0.77679,2031.8,6.0,7.27,8.24,64.5
1978-06-01,97.349998,1.08527131782946,7.705467144,0.78402,2028.5,5.9,7.48,8.41,65.0
1978-08-01,100.660004,0.456621004566212,8.204046896,0.78954,2023.5,5.9,7.97,8.54,65.9
1978-09-01,103.68,0.757575757575741,8.605577994,0.93873,2022.6,6.0,8.33,8.38,66.5
1978-11-01,96.849998,0.447093889716842,9.237557806,0.7336,2013.5,5.9,9.87,8.66,67.5
1978-12-01,96.279999,0.445103857566767,9.071115875,0.47953,2011.8,6.0,9.95,8.8,67.9
1979-02-01,99.959999,1.17130307467056,9.586034706,0.97056,1991.0,5.9,10.05,8.94,69.2
1979-03-01,96.900002,1.01302460202605,9.689852424,0.77941,1985.4,5.8,10.05,9.17,69.9
1979-05-01,101.68,1.27478753541075,10.09794116,0.93987,1975.1,5.6,10.38,9.36,71.4
1979-06-01,99.169998,1.11888111888112,10.284819787,0.9187,1970.9,5.7,10.24,9.05,72.2
1979-08-01,104.169998,0.95759233926129,10.954395743,1.11949,1962.8,6.0,10.75,8.99,73.7
1979-10-01,108.559998,0.804289544235911,11.279514365,1.15348,1942.0,6.0,12.06,9.51,75.2
1979-11-01,102.57,0.930851063829791,11.951758189,1.28115,1928.8,5.9,15.26,10.79,76.0
1980-02-01,115.120003,1.41388174807199,13.627778119,1.02607,1891.9,6.3,13.44,11.29,79.0
1980-04-01,102.18,1.12359550561798,14.786779517,1.23169,1856.9,6.9,19.79,12.69,80.9
1980-05-01,105.459999,0.987654320987642,15.147255922,1.18443,1851.0,7.5,14.07,10.57,81.7
1980-07-01,114.93,0.0,14.178529783,-0.27088,1871.1,7.8,9.47,10.13,82.6
1980-08-01,121.209999,0.725513905683195,13.314194421,0.43162,1876.8,7.7,10.48,10.76,83.2
1980-10-01,127.129997,0.952380952380956,13.133051948,1.11567,1871.1,7.5,13.05,11.78,84.7
1980-12-01,137.210007,0.935672514619887,12.732242952,1.00023,1851.6,7.2,17.71,12.92,86.4
1981-04-01,136.570007,0.677966101694918,9.752589153,0.71944,1862.2,7.2,14.51,13.14,89.1
1981-05-01,132.720001,0.785634118967456,9.645887355,1.07895,1855.3,7.5,19.79,14.05,89.7
1981-06-01,132.410004,0.890868596881964,9.250210999,1.09297,1845.6,7.5,19.01,13.46,90.5
1981-07-01,129.770004,1.1037527593819,11.274384726,1.40103,1838.1,7.2,21.09,14.04,91.5
1981-09-01,123.019997,0.975081256771402,12.262533118,1.14763,1832.4,7.6,17.52,15.41,93.1
1981-10-01,117.080002,0.214592274678112,11.298313544,0.30285,1843.5,7.9,16.96,15.75,93.4
1981-12-01,126.099998,0.320170757737447,9.884984782,0.38439,1865.6,8.5,13.03,13.37,94.1
1982-02-01,117.779999,0.318133616118771,9.56769049,0.41848,1873.8,8.9,15.69,14.58,94.7
1982-03-01,113.309998,-0.105708245243129,8.920648287,0.02245,1886.5,9.0,14.11,13.85,94.7
1982-04-01,113.790001,0.423280423280425,9.112202163,0.85134,1898.8,9.3,15.48,14.1,95.0
1982-06-01,111.68,1.25260960334028,8.909836827,0.94231,1882.5,9.6,13.76,13.93,97.0
1982-07-01,108.709999,0.515463917525775,7.912560428,0.55866,1878.5,9.8,14.73,14.4,97.5
1982-09-01,118.25,0.204708290685774,6.003409335,-0.01263,1902.1,10.1,11.28,12.76,97.7
1982-10-01,121.970001,0.306435137895813,6.000904404,0.2898,1905.9,10.4,10.87,11.51,98.1
1982-11-01,135.470001,-0.203665987780042,5.327823771,-0.12288,1922.1,10.8,9.43,10.56,98.0
1982-12-01,138.720001,-0.408163265306124,4.518985485,-0.28104,1950.8,10.8,9.1,10.74,97.7
1983-02-01,142.960007,0.102249488752557,4.62783567,0.35447,2037.6,10.4,8.63,10.78,98.0
1983-03-01,150.880005,0.0,4.855813143,0.23015,2054.2,10.3,8.65,10.22,98.1
1983-06-01,162.550003,0.302419354838711,2.843739681,0.29006,2065.9,10.1,9.38,10.77,99.4
1983-07-01,168.639999,0.402010050251258,2.630755198,0.32384,2068.9,9.4,9.31,10.93,99.8
1983-08-01,162.039993,0.300300300300302,2.553400975,0.3227,2071.9,9.5,9.64,11.8,100.1
1983-09-01,164.229996,0.499001996007973,2.944004571,0.34062,2074.9,9.2,9.61,11.97,100.4
1983-11-01,163.660004,0.198019801980199,3.751793567,0.43721,2089.3,8.5,9.45,11.69,101.1
1983-12-01,166.490005,0.0988142292490123,4.465480085,0.29367,2094.2,8.3,9.46,11.63,101.4
1984-02-01,162.740005,0.49067713444555,4.524563869,0.39848,2103.5,7.8,9.74,11.64,102.6
1984-03-01,158.190002,0.195312500000001,4.65415841,0.33009,2113.9,7.8,9.73,12.07,102.9
1984-05-01,161.679993,0.290979631425814,4.708074066,0.30699,2129.6,7.4,11.04,12.82,103.5
1984-06-01,153.240005,0.290135396518364,4.787485493,0.3598,2136.1,7.2,10.53,13.63,103.7
1984-08-01,154.080002,0.384245917387129,5.032939607,0.4373,2136.4,7.5,12.04,12.81,104.4
1984-10-01,164.619995,0.285714285714287,5.103857709,0.39135,2149.3,7.4,11.38,12.54,105.1
1984-11-01,167.490005,0.0,4.968986894,0.32457,2166.6,7.2,10.26,11.66,105.3
1985-02-01,178.630005,0.473933649289102,4.871701461,0.53406,2214.6,7.2,8.74,11.29,106.3
1985-03-01,183.229996,0.377358490566039,4.962072036,0.40295,2215.5,7.2,8.74,11.86,106.8
1985-04-01,181.270004,0.469924812030065,4.754134291,0.31872,2220.0,7.3,8.83,11.66,107.0
1985-05-01,178.369995,0.37418147801684,5.037120921,0.54152,2229.0,7.2,8.83,11.27,107.2
1985-07-01,192.429993,0.185873605947956,4.948295318,0.32311,2255.8,7.4,8.12,10.19,107.7
1985-08-01,192.110001,0.185528756957329,4.94547442,0.44031,2265.1,7.1,8.26,10.51,107.9
1985-10-01,185.070007,0.369344413665745,4.891950804,0.5079,2274.7,7.1,8.26,10.29,108.5
1985-11-01,191.529999,0.275988960441584,5.149995169,0.54154,2273.2,7.0,8.32,9.98,109.0
1986-04-01,235.139999,-0.183823529411765,5.370857251,0.44807,2353.1,7.1,7.49,7.37,108.7
1986-05-01,235.160004,0.276243093922641,5.040741681,0.26249,2371.4,7.2,7.13,7.45,109.0
1986-07-01,252.039993,0.0,4.975291061,0.27854,2398.7,7.0,6.97,7.37,109.5
1986-08-01,234.910004,0.182648401826473,4.838260997,0.30286,2414.7,6.9,6.38,7.34,109.6
1986-10-01,233.600006,0.0907441016333822,4.897657302,0.41434,2438.7,7.0,5.99,7.41,110.2
1986-12-01,249.050003,0.090579710144916,4.64519092,0.33091,2462.1,6.6,6.38,7.18,110.8
1987-04-01,292.380005,0.535236396074935,4.358079784,0.50201,2455.8,6.3,6.22,7.59,112.7
1987-05-01,288.029999,0.354924578527064,4.416917659,0.30051,2453.9,6.3,7.67,8.39,113.0
1987-06-01,289.829987,0.353669319186562,4.175391862,0.1845,2444.6,6.2,6.74,8.45,113.5
1987-07-01,302.940002,0.26431718061673,4.166490008,0.28823,2442.0,6.1,6.07,8.36,113.8
1987-09-01,323.399994,0.524475524475527,4.291035748,0.40715,2440.7,5.9,6.84,9.05,114.7
1987-10-01,327.329987,0.260869565217404,4.343067431,0.46466,2447.7,6.0,7.71,9.66,115.0
1987-12-01,232.0,0.0,4.302583149,0.31168,2445.0,5.7,7.04,9.01,115.6
1988-02-01,255.039993,0.259291270527215,4.386553409,0.34159,2470.2,5.7,6.96,8.26,116.2
1988-03-01,267.220001,0.431034482758634,4.451939222,0.40317,2481.3,5.7,6.66,8.15,116.5
1988-06-01,266.690002,0.425531914893608,4.685384324,0.4003,2490.2,5.4,7.24,9.03,118.0
1988-07-01,271.779999,0.423728813559324,4.712055892,0.32624,2487.1,5.4,7.75,8.77,118.5
1988-08-01,272.209991,0.421940928270033,4.685749317,0.39147,2480.7,5.6,7.91,9.07,119.0
1988-09-01,258.350006,0.672268907563028,4.73102913,0.44388,2474.4,5.4,8.27,9.25,119.5
1988-11-01,279.059998,0.0831946755407767,4.751873732,0.37828,2477.3,5.3,8.35,8.68,120.3
1988-12-01,272.48999,0.166251039068995,4.798725378,0.35963,2475.7,5.3,8.54,9.01,120.7
1989-02-01,297.089996,0.41288191577208,4.792426849,0.37543,2460.7,5.2,9.02,8.99,121.6
1989-03-01,287.109985,0.575657894736855,4.760352769,0.36665,2454.7,5.0,9.82,9.36,122.2
1989-05-01,309.119995,0.56864337936636,4.751380664,0.47397,2434.6,5.2,9.85,9.14,123.7
1989-06-01,321.970001,0.242326332794821,4.753801306,0.38933,2439.9,5.3,9.84,8.61,124.1
1989-08-01,343.75,0.160771704180044,4.865522153,0.35467,2469.4,5.2,8.95,7.74,124.5
1989-09-01,353.730011,0.321027287319424,4.684441734,0.30425,2478.0,5.3,8.93,8.19,124.8
1989-11-01,341.200012,0.238853503184704,4.811218772,0.38236,2488.7,5.4,8.98,7.91,125.9
1989-12-01,350.630005,0.158856235107229,4.842735403,0.38665,2496.0,5.4,8.51,7.81,126.3
1990-02-01,328.790009,0.470957613814759,4.935526464,0.39638,2483.8,5.3,8.25,8.42,128.0
1990-03-01,332.73999,0.546874999999992,5.208700881,0.61921,2480.6,5.2,8.3,8.59,128.6
1990-05-01,332.25,0.232738557020917,5.183754067,0.38327,2479.2,5.4,8.11,9.08,129.1
1990-06-01,363.160004,0.541795665634708,5.388456883,0.56278,2474.0,5.2,8.28,8.44,129.9
1990-08-01,355.519989,0.92024539877301,5.855903558,0.62743,2463.5,5.7,8.07,8.29,131.6
1990-10-01,314.940002,0.602863602110005,5.817450968,0.37792,2443.3,5.9,8.25,8.71,133.4
1990-11-01,307.019989,0.224719101123606,5.70341926,0.27781,2440.2,6.2,8.06,8.57,133.7
1991-02-01,343.049988,0.148588410104032,5.883436919,0.46702,2451.4,6.6,6.3,7.91,134.8
1991-03-01,370.470001,0.148367952522256,5.496431415,0.25051,2464.3,6.8,6.35,8.12,134.8
1991-04-01,371.299988,0.148148148148129,5.302381155,0.25952,2466.6,6.7,6.48,8.07,135.1
1991-05-01,380.290009,0.295857988165682,5.248477287,0.32023,2465.3,6.9,5.9,8.01,135.6
1991-07-01,377.920013,0.147058823529393,4.735708693,0.37489,2464.1,6.8,6.38,8.26,136.2
1991-08-01,387.119995,0.293685756240824,4.413788018,0.34638,2456.1,6.9,5.86,8.2,136.6
1991-10-01,389.200012,0.145772594752206,4.310597235,0.22309,2449.1,7.0,5.4,7.45,137.2
1991-11-01,391.320007,0.291120815138284,4.370003221,0.30965,2442.3,7.0,5.03,7.48,137.8
1992-04-01,404.230011,0.143575017946859,4.077543119,0.308,2438.8,7.4,4.98,7.46,139.4
1992-05-01,412.529999,0.143369175627241,3.937860894,0.1842,2432.8,7.6,3.75,7.56,139.7
1992-06-01,417.299988,0.357909806728696,3.875841001,0.24525,2422.1,7.8,3.96,7.39,140.1
1992-07-01,412.880005,0.213980028530681,3.785344226,0.26833,2415.6,7.7,3.89,7.1,140.5
1992-09-01,416.070007,0.283889283179561,3.363566041,0.15368,2416.9,7.6,3.39,6.56,141.1
1992-10-01,416.290009,0.353857041755123,3.654950596,0.4682,2416.2,7.3,3.58,6.23,141.7
1992-12-01,430.779999,-0.0704225352112772,3.497528562,0.20049,2406.7,7.4,3.17,6.94,142.3
1993-02-01,442.519989,0.350631136044892,3.580667722,0.25902,2386.1,7.1,3.25,6.38,143.1
1993-03-01,442.01001,0.34940600978336,3.353160609,0.14569,2380.8,7.0,3.65,5.94,143.3
1993-04-01,450.299988,0.278551532033427,3.422176699,0.37838,2372.3,7.1,3.31,6.06,143.8
1993-06-01,453.829987,0.138696255201128,3.583428873,0.27882,2385.6,7.0,3.33,6.07,144.3
1993-07-01,449.019989,0.0,3.437046316,0.14669,2382.0,6.9,3.27,5.8,144.5
1993-09-01,463.149994,0.207182320441981,3.656038681,0.25894,2380.8,6.7,3.25,5.46,145.0
1993-10-01,461.279999,0.413507925568557,3.433321443,0.28218,2374.1,6.8,3.19,5.34,145.6
1993-11-01,469.100006,0.0686341798215785,3.445125507,0.32005,2376.8,6.6,3.15,5.56,146.0
1993-12-01,461.890015,0.0,3.557822725,0.30405,2374.9,6.5,3.07,5.82,146.3
1994-02-01,479.619995,0.34199726402188,3.424654259,0.28196,2369.3,6.6,3.25,5.77,146.7
1994-03-01,464.440002,0.340831629175198,3.578833286,0.28035,2365.8,6.5,3.31,6.28,147.1
1994-06-01,457.630005,0.33898305084745,3.207540833,0.24781,2352.6,6.1,4.33,7.12,147.9
1994-07-01,446.200012,0.270270270270271,3.245680943,0.17374,2350.5,6.1,3.82,7.34,148.4
1994-08-01,461.01001,0.404312668463614,3.318864731,0.35253,2339.4,6.0,4.34,7.13,149.0
1994-09-01,473.170013,0.268456375838927,3.267212367,0.2185,2335.0,5.9,4.76,7.19,149.3
1994-11-01,468.420013,0.13377926421403,3.142092625,0.30582,2327.9,5.6,4.76,7.91,149.8
1994-12-01,448.920013,0.0,2.915659975,0.11009,2322.7,5.5,5.49,7.92,150.1
1995-02-01,470.399994,0.399201596806389,3.139699974,0.27509,2312.7,5.4,5.25,7.66,150.9
1995-03-01,485.649994,0.331345261762749,3.184482491,0.34524,2308.9,5.4,5.56,7.23,151.2
1995-05-01,514.26001,0.197498354180374,3.367477772,0.23025,2317.0,5.6,6.1,7.09,152.1
1995-06-01,533.48999,0.197109067017092,3.34707431,0.22846,2328.7,5.6,6.04,6.2,152.4
1995-08-01,559.640015,0.262295081967214,3.255560049,0.23981,2347.3,5.7,5.55,6.5,152.9
1995-09-01,563.840027,0.196206671026807,3.368207809,0.30733,2352.8,5.6,5.72,6.22,153.1
1995-11-01,584.219971,-0.0650618087182741,3.394879542,0.21789,2355.2,5.6,5.76,5.98,153.7
1995-12-01,606.97998,-0.0651041666666584,3.397750888,0.10516,2358.3,5.6,5.56,5.71,153.9
1996-02-01,638.460022,0.323834196891202,3.278044833,0.27648,2362.5,5.5,5.27,5.63,155.0
1996-03-01,644.369995,0.516462233699146,3.15123296,0.22314,2371.0,5.5,5.81,5.99,155.5
1996-04-01,653.72998,0.385356454720635,3.021419042,0.20895,2368.8,5.6,5.53,6.31,156.1
1996-05-01,654.580017,0.191938579654503,3.065009249,0.27316,2371.9,5.6,5.41,6.68,156.4
1996-07-01,675.880005,0.191448627951509,3.103134864,0.27791,2380.3,5.5,7.8,6.74,157.0
1996-08-01,650.02002,0.19108280254778,3.096243134,0.22597,2381.7,5.1,6.29,6.65,157.2
1996-10-01,689.080017,0.316856780735101,2.957328624,0.23018,2384.8,5.2,5.53,6.65,158.2
1996-11-01,703.77002,0.189513581806689,2.99348831,0.26237,2391.4,5.4,5.19,6.38,158.7
1997-04-01,759.640015,0.124999999999984,2.924881516,0.2437,2424.6,5.1,6.18,6.9,159.9
1997-05-01,798.530029,-0.0624219725343241,2.883239208,0.22002,2432.3,4.9,5.73,6.69,159.9
1997-07-01,891.030029,0.124766063630677,2.764311367,0.21251,2446.3,4.9,6.24,6.45,160.4
1997-08-01,947.140015,0.186915887850476,2.668660701,0.14059,2461.1,4.8,5.65,6.2,160.8
1997-10-01,955.409973,0.248138957816378,2.633884037,0.27304,2472.0,4.7,5.65,6.04,161.5
1997-12-01,974.77002,-0.12383900928791,2.636585632,0.24835,2492.5,4.7,5.92,5.86,161.8
1998-04-01,1108.150024,0.184956843403215,2.650550927,0.21986,2552.5,4.3,5.72,5.62,162.2
1998-05-01,1121.0,0.184615384615393,2.621199946,0.20516,2561.1,4.4,5.46,5.67,162.6
1998-06-01,1090.97998,0.122850122850123,2.610692088,0.18113,2570.1,4.5,5.79,5.53,162.8
1998-07-01,1148.560059,0.122699386503052,2.613395599,0.2055,2575.9,4.5,6.35,5.44,163.2
1998-09-01,994.26001,0.122399020807818,2.603431515,0.18754,2610.2,4.6,5.75,5.05,163.5
1998-10-01,986.390015,0.24449877750613,2.54435291,0.21205,2628.2,4.5,5.73,4.33,163.9
1998-12-01,1175.280029,-0.0609756097561058,2.446189532,0.1741,2661.3,4.4,4.82,4.67,164.4
1999-02-01,1273.0,0.121728545343868,2.3238316,0.135694,2686.9,4.4,4.86,4.75,164.7
1999-03-01,1236.160034,0.303951367781164,2.2464619,0.178467,2689.4,4.2,5.1,5.4,164.8
1999-04-01,1293.719971,0.727272727272714,2.2358613,0.212001,2688.8,4.3,5.41,5.27,165.9
1999-06-01,1294.26001,0.0,2.0812547,0.100888,2715.2,4.3,4.78,5.78,166.0
1999-07-01,1380.959961,0.300842358604085,2.1244533,0.250634,2720.2,4.3,5.76,5.85,166.7
1999-09-01,1331.069946,0.478755236385384,2.0832919,0.144733,2722.1,4.2,5.41,5.99,167.8
1999-10-01,1282.810059,0.178677784395466,2.0639533,0.199993,2731.4,4.1,5.26,6.0,168.1
1999-11-01,1354.119995,0.0594530321046454,2.1623251,0.270511,2737.8,4.1,5.38,6.06,168.4
1999-12-01,1397.719971,0.0,2.1818508,0.187267,2747.6,4.0,5.71,6.21,168.8
2000-02-01,1409.280029,0.592417061611377,2.3950909,0.176327,2752.6,4.1,5.79,6.62,170.0
2000-03-01,1379.189941,0.824499411071837,2.4989589,0.270402,2754.5,4.0,5.78,6.39,171.0
2000-05-01,1468.25,0.116754232340923,2.5736327,0.263778,2776.8,4.0,6.17,6.29,171.2
2000-06-01,1448.810059,0.524781341107882,2.7153642,0.24392,2771.1,4.0,6.65,6.2,172.2
2000-08-01,1438.099976,0.0,2.8853852,0.297119,2789.5,4.1,6.51,6.0,172.7
2000-09-01,1520.77002,0.520833333333312,2.908796,0.174872,2795.6,3.9,6.52,5.68,173.6
2000-11-01,1421.219971,0.0574712643678088,2.8816134,0.215025,2801.5,3.9,6.61,5.74,174.2
2000-12-01,1315.22998,-0.0574382538770748,2.9838403,0.277242,2820.7,3.9,6.6,5.52,174.6
2001-02-01,1373.469971,0.39977155910909,2.9893325,0.262264,2848.9,4.2,5.57,5.1,176.0
2001-03-01,1241.22998,0.227531285551749,2.9711853,0.260577,2880.2,4.3,5.59,4.87,176.1
2001-05-01,1266.439941,0.452232899943458,3.0843327,0.260544,2895.1,4.3,4.61,5.3,177.3
2001-06-01,1260.670044,0.16882386043895,3.2118098,0.364821,2911.4,4.5,4.14,5.39,177.7
2001-08-01,1215.930054,0.0,3.2635089,0.344288,2952.2,4.9,3.79,5.11,177.4
2001-10-01,1038.550049,-0.33651149747618,3.4934371,0.310645,3005.1,5.3,3.02,4.55,177.6
2001-11-01,1084.099976,-0.168823860438935,3.6122717,0.322518,3031.4,5.5,2.61,4.24,177.5
2002-02-01,1122.199951,0.395256916996071,3.5387817,0.24848,3080.6,5.7,1.77,5.02,178.0
2002-03-01,1131.780029,0.562429696287966,3.480145,0.186946,3078.5,5.7,1.78,4.98,178.5
2002-04-01,1146.540039,0.559284116331084,3.4775061,0.245624,3064.9,5.9,1.88,5.44,179.3
2002-05-01,1086.459961,0.0,3.4632677,0.247374,3076.0,5.8,1.88,5.08,179.5
2002-07-01,968.650024,0.111172873818774,3.2740984,0.271298,3105.1,5.8,1.83,4.85,180.0
2002-08-01,884.659973,0.333148250971684,3.1567969,0.227027,3120.0,5.7,1.79,4.47,180.5
2002-10-01,847.909973,0.165745856353599,2.9477485,0.229863,3145.9,5.7,1.85,3.72,181.2
2002-11-01,900.960022,0.0,2.8341831,0.221716,3168.4,5.9,1.74,4.01,181.5
2003-04-01,858.47998,-0.217155266015187,2.4593491,0.095053,3219.9,6.0,1.29,3.84,183.2
2003-05-01,916.299988,-0.163220892274219,2.3483407,0.148913,3258.2,6.1,1.3,3.88,182.9
2003-07-01,982.320007,0.108873162765379,2.237208,0.24582,3289.4,6.2,1.11,3.56,183.7
2003-08-01,980.150024,0.380641653072316,2.1655338,0.160603,3306.7,6.1,1.0,4.44,184.5
2003-10-01,1018.219971,-0.107991360691145,2.1611133,0.210782,3279.4,6.0,1.11,3.96,184.9
2003-12-01,1070.119995,-0.108401084010841,1.976213,0.170789,3270.8,5.7,1.03,4.4,185.5
2004-03-01,1155.969971,0.644468313641263,2.1370611,0.213855,3287.1,5.8,1.04,4.0,187.1
2004-04-01,1132.170044,0.320170757737461,2.2577613,0.223881,3303.7,5.6,1.03,3.91,187.4
2004-06-01,1121.199951,0.317292437863566,2.3794884,0.225217,3319.5,5.6,1.02,4.71,188.9
2004-07-01,1128.939941,-0.158144438587237,2.2638524,0.16143,3323.3,5.5,1.4,4.57,189.1
2004-09-01,1105.910034,0.211081794195252,2.240201,0.193854,3343.2,5.4,1.53,4.13,189.8
2004-10-01,1131.5,0.526592943654557,2.2372194,0.20646,3340.3,5.5,1.86,4.21,190.8
2004-11-01,1130.51001,0.0523834468308086,2.3012131,0.169376,3338.4,5.4,1.83,4.11,191.7
2004-12-01,1191.369995,-0.366492146596853,2.3138859,0.170147,3348.1,5.4,2.04,4.38,191.7
2005-02-01,1189.410034,0.576822233875206,2.2862449,0.221033,3343.5,5.4,2.4,4.15,192.4
2005-03-01,1210.410034,0.782064650677772,2.2461526,0.174295,3336.0,5.2,2.39,4.38,193.1
2005-04-01,1172.920044,0.672529746508014,2.2397223,0.211437,3332.9,5.2,2.83,4.46,193.7
2005-06-01,1202.219971,0.0514403292181004,2.1993552,0.09734,3358.7,5.0,3.02,3.91,193.7
2005-07-01,1194.439941,0.462724935732656,2.3010794,0.231732,3354.2,5.0,3.36,4.06,194.9
2005-08-01,1235.349976,0.511770726714434,2.2644059,0.138483,3350.4,4.9,3.3,4.32,196.1
2005-09-01,1221.589966,1.22199592668025,2.3340762,0.248808,3322.1,5.0,3.57,4.02,198.8
2005-11-01,1202.76001,-0.803212851405626,2.4316658,0.271427,3359.4,5.0,3.99,4.58,198.1
2005-12-01,1264.670044,-0.40485829959513,2.4690335,0.200389,3373.0,4.9,4.03,4.52,198.1
2006-02-01,1282.459961,0.20171457387795,2.4992554,0.266327,3384.5,4.8,4.47,4.57,199.4
2006-03-01,1291.23999,0.55359838953198,2.581219,0.250822,3386.5,4.7,4.52,4.59,199.7
2006-05-01,1305.189941,0.496277915632743,2.7839595,0.341688,3381.5,4.6,4.84,5.14,201.3
2006-06-01,1285.709961,0.197530864197532,3.0344298,0.313399,3391.9,4.6,5.02,5.11,201.8
2006-08-01,1270.920044,0.196560196560197,3.2251144,0.245264,3394.1,4.7,5.27,4.99,203.8
2006-09-01,1311.01001,-0.490436488474757,3.212012,0.228571,3424.2,4.5,5.25,4.73,202.8
2006-11-01,1367.810059,-0.148662041625379,3.1482614,0.146207,3479.4,4.5,5.23,4.57,202.0
2006-12-01,1396.709961,0.148883374689833,3.1241583,0.188454,3481.8,4.4,5.27,4.43,203.1
2007-02-01,1445.939941,0.535036755987662,3.161558,0.283584,3488.9,4.5,5.29,4.84,204.226
2007-03-01,1403.170044,0.910569585108543,3.1090014,0.20129,3487.3,4.4,5.31,4.56,205.288
2007-05-01,1486.300049,0.61107186747047,2.783324,0.16929,3504.3,4.4,5.26,4.64,206.755
2007-06-01,1536.339966,0.193797517660565,2.6305791,0.188202,3512.3,4.6,5.23,4.95,207.234
2007-08-01,1465.810059,-0.183390222708711,2.4685402,0.205997,3556.2,4.6,5.3,4.76,207.667
2007-10-01,1547.040039,0.213919132812117,2.5033248,0.282709,3545.7,4.7,4.92,4.56,209.19
2007-11-01,1508.439941,0.593961787341581,2.6563697,0.284747,3529.7,4.7,4.59,4.36,210.834
2008-02-01,1395.420044,0.290411218495348,2.6165653,0.173662,3568.9,4.9,3.12,3.62,212.687
2008-04-01,1370.180054,0.606477838971956,2.7251103,0.218402,3598.7,5.0,2.38,3.57,213.942
2008-05-01,1409.339966,0.842088603175631,2.7937419,0.240997,3583.1,5.4,2.16,3.78,215.208
2008-07-01,1284.910034,0.525101112812213,3.0142542,0.308092,3550.2,5.8,2.11,4.01,219.016
2008-08-01,1260.310059,-0.399156225564174,3.0845059,0.260722,3562.2,6.1,2.04,3.97,218.69
2008-10-01,1161.060059,-1.01013332845789,2.9291949,0.179384,3670.7,6.5,1.15,3.77,216.995
2008-12-01,816.210022,-1.03424738142875,2.6304305,0.111329,3875.2,7.3,0.52,2.72,211.398
2009-04-01,811.080017,0.249636827778799,2.3761457,0.145632,3936.3,9.0,0.16,2.68,212.709
2009-05-01,877.52002,0.288876383417745,2.2888288,0.132696,3957.7,9.4,0.22,3.21,213.022
2009-06-01,942.869995,0.858989226395336,2.0898948,0.112182,3929.7,9.5,0.21,3.71,214.79
2009-07-01,923.330017,-0.158558692215323,1.9228669,0.109363,3933.0,9.5,0.2,3.55,214.726
2009-09-01,998.039978,0.0625480693495817,1.6158958,0.101667,3911.9,9.8,0.15,3.38,215.861
2009-10-01,1029.849976,0.0963101185818578,1.5209969,0.059037,3912.6,10.0,0.11,3.21,216.509
2009-12-01,1108.859985,-0.176119816946313,1.3248615,0.04122,3909.0,9.9,0.13,3.28,217.347
2010-02-01,1089.189941,0.024920738207648,1.0548474,0.034576,3915.4,9.8,0.14,3.68,217.281
2010-03-01,1115.709961,0.410628353657108,0.93183853,0.044418,3912.8,9.9,0.14,3.61,217.353
2010-04-01,1178.099976,0.173688491069743,0.87602978,0.079461,3926.0,9.9,0.17,3.89,217.403
2010-06-01,1070.709961,-0.0976267084673888,0.78483473,0.100289,3963.6,9.4,0.2,3.29,217.199
2010-07-01,1027.369995,0.0211043057371509,0.74959322,0.071298,3960.8,9.4,0.17,2.96,217.605
2010-09-01,1080.290039,0.0581736230715569,0.6676136,0.087378,3985.8,9.5,0.19,2.58,218.275
2010-10-01,1146.23999,0.124519888847696,0.67526624,0.064274,3994.5,9.4,0.2,2.54,219.035
2010-11-01,1184.380005,0.0420646423819507,0.82600201,0.145779,3993.8,9.8,0.2,2.66,219.59
2010-12-01,1206.069946,0.171844078920309,0.83710132,0.053401,3992.3,9.3,0.2,2.97,220.472
2011-02-01,1307.589966,0.493136502545162,1.1238816,0.195403,4004.9,9.0,0.18,3.48,221.898
2011-03-01,1306.329956,0.975107203050938,1.1861014,0.12761,4009.7,9.0,0.15,3.41,223.046
2011-04-01,1332.410034,0.643942953545699,1.21555,0.127704,4018.4,9.1,0.11,3.46,224.093
2011-06-01,1314.550049,-0.107096705669922,1.2990532,0.147422,4070.6,9.1,0.1,2.96,224.806
2011-07-01,1339.670044,0.0886045666793554,1.4236275,0.194142,4133.5,9.0,0.08,3.22,225.395
2011-08-01,1286.939941,0.27575889023645,1.6569751,0.287814,4204.9,9.0,0.17,2.77,226.106
2011-09-01,1204.420044,0.151846211569461,1.7268145,0.141846,4205.0,9.0,0.08,2.15,226.597
2011-11-01,1218.280029,-0.084356133044206,1.8407168,0.156755,4231.5,8.6,0.08,2.01,227.169
2011-12-01,1244.579956,-0.246651637713817,2.0478499,0.24527,4251.4,8.5,0.08,2.11,227.223
2012-02-01,1324.089966,0.440297355127631,2.0181912,0.105634,4285.8,8.3,0.11,1.87,228.329
2012-03-01,1374.089966,0.759455862393086,2.1247577,0.210888,4296.5,8.2,0.11,2.03,228.807
2012-05-01,1405.819946,-0.117347936632105,2.1896843,0.118883,4341.0,8.2,0.16,1.98,228.713
2012-06-01,1278.040039,-0.146639688445049,2.2407468,0.194906,4375.6,8.2,0.16,1.47,228.524
2012-08-01,1375.319946,0.556515818143709,2.1718632,0.195061,4402.1,8.1,0.14,1.56,229.918
2012-10-01,1444.48999,-0.0388925140553232,2.2070705,0.150018,4432.5,7.8,0.15,1.64,231.638
2012-11-01,1427.589966,-0.473808669488188,2.1959869,0.138852,4470.3,7.7,0.17,1.75,231.249
2013-02-01,1513.170044,0.819002952926876,2.146017,0.172286,4499.9,7.7,0.14,2.04,232.937
2013-03-01,1518.199951,0.261450858437495,2.0999025,0.173838,4541.9,7.5,0.14,1.86,232.282
2013-04-01,1562.170044,-0.103963947708716,1.9354319,0.040427,4566.9,7.6,0.16,1.86,231.797
2013-05-01,1582.699951,0.178040777358723,1.907797,0.085881,4583.2,7.5,0.14,1.66,231.893
2013-07-01,1614.959961,0.0393997533233011,1.867879,0.206766,4607.5,7.3,0.1,2.5,232.9
2013-08-01,1706.869995,0.12029315570472,1.9142202,0.229216,4621.9,7.2,0.08,2.74,233.456
2013-10-01,1695.0,-0.257528325980464,1.8687356,0.136522,4689.0,7.2,0.08,2.66,233.669
2013-11-01,1761.640015,-0.204242419052338,1.8930866,0.170655,4685.6,6.9,0.08,2.65,234.1
2014-04-01,1885.52002,0.329675445315773,2.0251612,0.214498,4760.4,6.2,0.08,2.77,236.468
2014-05-01,1883.680054,0.34926098400487,2.1282345,0.179555,4780.7,6.3,0.09,2.63,236.918
2014-07-01,1973.319946,-0.0390193964161093,2.1008094,0.177018,4816.8,6.2,0.1,2.58,237.498
2014-08-01,1925.150024,-0.167051416579219,1.9625042,0.118563,4830.0,6.1,0.09,2.52,237.46
2014-10-01,1946.160034,-0.251227781255389,2.0060187,0.187618,4870.2,5.7,0.09,2.42,237.43
2014-12-01,2053.439941,-0.567010091001089,1.9711259,0.121445,4944.5,5.6,0.13,2.22,236.252
2015-04-01,2059.689941,0.203287325458769,2.0631236,0.26801,5049.2,5.4,0.12,1.87,236.222
2015-05-01,2108.290039,0.509723202549469,2.0668869,0.190219,5046.5,5.6,0.13,2.12,237.001
2015-06-01,2111.72998,0.350286999852812,2.1147326,0.212142,5051.7,5.3,0.12,2.19,237.657
2015-07-01,2077.419922,0.0067047159295661,2.1414477,0.180329,5065.8,5.2,0.13,2.43,238.034
2015-09-01,1913.849976,-0.155675657530359,2.279431,0.267515,5121.9,5.0,0.14,2.17,237.498
2015-10-01,1923.819946,-0.0449683750446447,2.3462109,0.252081,5130.5,5.0,0.13,2.05,237.733
2015-12-01,2102.629883,-0.341709643711866,2.4436874,0.14735,5191.8,5.0,0.13,2.15,237.761
2016-02-01,1939.380005,0.0823076533454985,2.5442092,0.210409,5286.0,4.9,0.38,1.97,237.336
2016-03-01,1978.349976,0.430600014339268,2.531878,0.205658,5296.4,5.0,0.36,1.83,238.08
2016-04-01,2072.780029,0.4741067979104,2.537996,0.275271,5313.3,5.1,0.37,1.79,238.992
2016-06-01,2099.330078,0.328436616728188,2.5689022,0.210509,5341.7,4.9,0.37,1.85,240.222
2016-07-01,2102.949951,-0.161813640474981,2.5758512,0.200077,5369.4,4.8,0.41,1.46,240.101
2016-08-01,2170.840088,0.0918430107884498,2.7228064,0.273048,5395.3,4.9,0.4,1.51,240.545
2016-09-01,2170.860107,0.240399586462898,2.6321032,0.160794,5406.0,5.0,0.4,1.57,241.176
2016-11-01,2111.719971,-0.155546086733514,2.5258013,0.221278,5444.2,4.7,0.41,1.83,242.026
2016-12-01,2191.080078,0.0327321392317517,2.594944,0.21493,5444.2,4.7,0.41,2.45,242.637
2017-02-01,2279.550049,0.314611738641666,2.67446,0.22283,5471.8,4.6,0.66,2.48,244.006
2017-03-01,2395.959961,0.0812797871947232,2.453344,0.00814,5502.7,4.4,0.66,2.46,243.892
2017-05-01,2388.330078,0.0854721826896363,2.155911,0.1232,5547.0,4.4,0.91,2.33,244.004
2017-06-01,2430.060059,0.0907111014861139,2.13853,0.18347,5553.2,4.3,0.91,2.21,244.163
2017-08-01,2476.350098,0.299445229710857,2.089832,0.23121,5579.3,4.4,1.16,2.26,245.183
2017-09-01,2476.550049,0.529490589323034,2.106697,0.18804,5568.2,4.3,1.16,2.16,246.435
2017-11-01,2579.360107,0.00243246859074368,2.115031,0.16286,5582.3,4.2,1.16,2.37,247.284
2017-12-01,2642.219971,-0.05878322772623,2.125472,0.23023,5590.0,4.1,1.16,2.37,247.805
2018-02-01,2821.98,0.45346899748655,2.129934,0.19668,5576.6,4.1,1.42,2.78,249.439
2018-02-01,2821.97998,0.45346899748655,2.129934,0.19668,5576.6,4.1,1.42,2.78,249.439
2018-03-01,2677.67,0.226112590414904,2.359611,0.20668,5595.6,4.0,1.42,2.81,249.581
2018-03-01,2677.669922,0.226112590414904,2.359611,0.20668,5595.6,4.0,1.42,2.81,249.581
2018-05-01,2654.8,0.4158916925435,2.544964,0.18288,5599.0,3.8,1.7,2.97,250.779
2018-05-01,2654.800049,0.4158916925435,2.544964,0.18288,5599.0,3.8,1.7,2.97,250.779
2018-06-01,2734.620117,0.159387570154372,2.558656,0.21176,5615.9,4.0,1.7,2.89,251.118
2018-06-01,2734.62,0.159387570154372,2.558656,0.21176,5615.9,4.0,1.7,2.89,251.118
2018-08-01,2813.36,0.0555542328357295,2.430733,0.12904,5635.5,3.8,1.91,3.0,251.749
2018-08-01,2813.360107,0.0555542328357295,2.430733,0.12904,5635.5,3.8,1.91,3.0,251.749
2018-10-01,2924.590088,0.176676345572587,2.419846,0.15927,5627.0,3.8,2.18,3.09,252.862
2018-10-01,2924.59,0.176676345572587,2.419846,0.15927,5627.0,3.8,2.18,3.09,252.862
2018-11-01,2740.370117,-0.334934851810097,2.472599,0.21913,5636.7,3.8,2.2,3.14,252.657
2018-11-01,2740.37,-0.334934851810097,2.472599,0.21913,5636.7,3.8,2.2,3.14,252.657
2019-02-01,2706.530029,0.422705314009692,2.373979,0.20228,5717.2,3.8,2.4,2.7,253.135
2019-02-01,2706.53,0.422705314009692,2.373979,0.20228,5717.2,3.8,2.4,2.7,253.135
2019-03-01,2803.689941,0.564135835680577,2.393918,0.22716,5706.7,3.8,2.4,2.76,254.273
2019-03-01,2803.69,0.564135835680577,2.393918,0.22716,5706.7,3.8,2.4,2.76,254.273
2019-04-01,2867.189941,0.529500161289074,2.410959,0.23318,5698.7,3.6,2.41,2.49,255.163
2019-04-01,2867.19,0.529500161289074,2.410959,0.23318,5698.7,3.6,2.41,2.49,255.163
2019-05-01,2923.73,0.212875858938411,2.39962,0.16854,5730.9,3.7,2.45,2.52,255.325
2019-05-01,2923.72998,0.212875858938411,2.39962,0.16854,5730.9,3.7,2.45,2.52,255.325
2019-07-01,2964.330078,0.167094162245338,2.467932,0.22004,5796.7,3.7,2.39,2.03,255.9
2019-07-01,2964.33,0.167094162245338,2.467932,0.22004,5796.7,3.7,2.39,2.03,255.9
2019-08-01,2953.560059,-0.00506682360828189,2.633395,0.27888,5824.0,3.7,2.14,1.9,256.179
2019-08-01,2953.56,-0.00506682360828189,2.633395,0.27888,5824.0,3.7,2.14,1.9,256.179
2019-10-01,2940.25,0.228619055223,2.7342,0.26729,5885.7,3.6,1.88,1.65,257.305
2019-11-01,3066.91,-0.0536243034669465,2.760463,0.22519,5915.7,3.6,1.57,1.73,257.788
2019-11-01,3066.909912,-0.0536243034669465,2.760463,0.22519,5915.7,3.6,1.57,1.73,257.788
2020-04-01,2470.5,-0.668694186699718,2.233555,-0.13491,6639.2,14.7,0.06,0.62,256.094
2020-05-01,2830.709961,0.00195016166840463,2.085757,0.05683,6968.4,13.2,0.05,0.64,255.944
2020-05-01,2830.71,0.00195016166840463,2.085757,0.05683,6968.4,13.2,0.05,0.64,255.944
2020-06-01,3055.72998,0.547204692777511,2.064379,0.24623,7048.3,11.0,0.05,0.66,257.217
2020-06-01,3055.73,0.547204692777511,2.064379,0.24623,7048.3,11.0,0.05,0.66,257.217
2020-07-01,3115.86,0.505824350167009,2.350691,0.48745,7069.5,10.2,0.08,0.69,258.543
2020-07-01,3115.860107,0.505824350167009,2.350691,0.48745,7069.5,10.2,0.08,0.69,258.543
2020-09-01,3526.65,0.13927469432666,2.088195,0.04498,7139.1,7.9,0.09,0.68,260.19
2020-09-01,3526.649902,0.13927469432666,2.088195,0.04498,7139.1,7.9,0.09,0.68,260.19
2020-10-01,3380.800049,0.0414937759336148,1.848308,0.06893,7196.3,6.9,0.09,0.68,260.352
2020-10-01,3380.8,0.0414937759336148,1.848308,0.06893,7196.3,6.9,0.09,0.68,260.352
2020-12-01,3662.45,0.0941478467042597,1.694452,0.10488,7311.7,6.7,0.09,0.92,261.564
2021-02-01,3773.86,0.547438279392344,1.520784,0.20884,7448.5,6.2,0.08,1.09,263.346
2021-03-01,3901.82,0.708327313374951,1.694673,0.23114,7491.2,6.1,0.07,1.45,265.028
2021-04-01,4019.87,0.821890915406006,2.284027,0.39934,7539.8,6.1,0.07,1.69,266.727
2021-06-01,4202.04,0.929066290235704,2.604632,0.25052,7551.1,5.9,0.06,1.62,270.955
2021-07-01,4319.94,0.481052352629404,2.325734,0.27623,7574.0,5.4,0.1,1.48,272.184
2021-09-01,4524.09,0.271597085905821,2.649506,0.30776,7645.7,4.8,0.08,1.31,274.214
2021-10-01,4357.04,0.830811855200318,3.04294,0.45562,7644.5,4.5,0.08,1.48,276.59
2021-11-01,4613.67,0.491342750434762,3.205069,0.35489,7665.1,4.2,0.08,1.58,278.524
2021-12-01,4513.04,0.307251716148357,3.467011,0.35515,7671.5,3.9,0.08,1.43,280.126
2022-02-01,4546.54,0.913397925647697,4.297857761,0.527228229,7638.9,3.8,0.08,1.81,284.182
2022-03-01,4306.26,1.33513795485627,4.551814556,0.46812254,7556.2,3.6,0.08,1.72,287.708
2022-04-01,4545.86,0.558253102565497,4.723537922,0.573526463,7498.1,3.6,0.33,2.39,288.663
2022-06-01,4101.23,1.37360757588199,5.425963402,0.654131966,7316.4,3.6,0.83,2.94,295.328
2022-07-01,3825.33,-0.0118119138337545,5.629465103,0.442191586,7327.5,3.5,1.58,2.88,295.271
2022-08-01,4118.63,-0.0354399276350673,5.990544319,0.622236216,7317.4,3.7,2.33,2.6,295.62
2022-09-01,3966.85,0.215078451300104,6.393735409,0.681338273,7245.9,3.5,2.33,3.26,296.761
